,Wiki Name,Wiki URL,Vertical,Primary image,Description
,Simspedia,http://pl.sims.wikia.com/,Video Games,http://images2.wikia.nocookie.net/joeplayground/images/3/38/Plsims.jpg,"Simspedia jest encyklopedią o wszystkim, co związane z serią The Sims. Istnieje od 26 kwietnia 2006 roku i od tego czasu powstało na niej ponad 2,5 tysiąca artykułów, które bezustannie są uzupełniane i rozbudowywane. Jeśli szukasz informacji o Simach, trafiłeś w dobre miejsce!"
,Grand Theft Auto Wiki,http://pl.gta.wikia.com/,Video Games,http://images4.wikia.nocookie.net/joeplayground/images/a/a0/Plgta.jpg,"Grand Theft Auto Wiki to ogromna baza danych o serii gier Grand Theft Auto wydawanych przez Rockstar Games od roku 1997. Wiki poświęcona jest wszystkiemu co związane serią - od dokładnych opisów gier i bohaterów, po informacje dotyczące broni, pojazdów, miejsc czy misji dostępnych w grach."
,GothicPedia,http://pl.gothic.wikia.com/,Video Games,http://images3.wikia.nocookie.net/joeplayground/images/d/d2/Plgothic.jpg,"Gothicpedia to społeczność zrzeszona wokół gier z serii Gothic, która kompletuje wszystkie dostępne informacje na temat tych kultowych gier RPG. Jeśli jesteś fanem serii, znajdziesz tu wszystko, co kiedykolwiek chciałeś o niej wiedzieć.. i więcej! "
,Wiki Słodki Flirt,http://pl.slodkiflirt.wikia.com/,Video Games,http://images4.wikia.nocookie.net/joeplayground/images/b/bc/Plslodkiflirt.jpg,"Słodki Flirt to pierwsza wirtualna gra, w której umawiasz się na randki! Wiki Słodki Flirt to niezbędnik dla wszystkich, którzy chcą dowiedzieć się o niej więcej. Zawiera rozbudowane opisy odcinków i postaci, a przede wszystkich fenomenalną, pomocną społeczność zrzeszającą fanów gry."
,Don't Starve Wiki ,http://pl.dontstarve.wikia.com/,Video Games,http://images2.wikia.nocookie.net/joeplayground/images/6/69/Pldontstarve.jpg,"Wiki przeznaczona jest dla czytelników pragnących dowiedzieć się wszystkiego o hicie studia Klei Entertainment - Don't Starve. Katalogujemy wszystkie informacje związane z grą, w tym opisy dostępnych przedmiotów i zasobów, szczegółowe informacje na temat występujących w grze stworzeń jak i przepisy na potrawy!"
,Wiedźmińska Wiki,http://wiedzmin.wikia.com/,Video Games,http://images4.wikia.nocookie.net/joeplayground/images/1/1a/Plwitcher.jpg,"Wiedźmińska Wiki to wiki, której celem jest zebranie informacji na temat świata Wiedźmina. Obejmuje przede wszystkim dzieła stworzone przez samego Andrzeja Sapkowskiego, ale staramy się brać pod uwagę również inne dzieła osadzone w tym świecie. Zachęcamy wszystkich do przyłączenia się do nas i pomocy w tworzeniu wiki. Każdy może stworzyć nową stronę i edytować. "
,The Binding of Isaac Wiki ,http://pl.bindingofisaac.wikia.com/,Video Games,http://images3.wikia.nocookie.net/joeplayground/images/d/d4/Plbindingofisaac.jpg,"The Binding of Isaac Wiki opisuje wszystkie przedmioty, pomieszczenia, potwory, bossów, sekrety, światy, osiągnięcia i postacie występujące w grze Edmunda McMillena i Floriana Himsla, The Binding of Isaac."
,Krypta,http://pl.fallout.wikia.com/,Video Games,http://images1.wikia.nocookie.net/joeplayground/images/d/d1/Plfallout.jpg,"Krypta to wiki o grach z Serii Fallout, m.in Fallout, Fallout 2 i Fallout 3 i encyklopedia świata Fallouta, którą każdy może edytować. Staramy się stworzyć najbardziej kompletną bazę danych o postapokaliptycznym świecie tej kultowej serii."
,Elder Scrolls Wiki,http://pl.elderscrolls.wikia.com/,Video Games,http://images2.wikia.nocookie.net/joeplayground/images/4/49/Plelderscrolls.jpg,"Elder Scrolls Wiki to grubo ponad tysiąc artykułów zawierających informacje na temat serii gier Elder Scrolls i ich rozszerzeń. Wszystko Od ""Areny"" do ""Skyrim"", jak i nowości o zbliżającym się MMORPG z serii - ""The Elder Scrolls: Online"". Wszystko czego potrzebujesz aby uprzyjemnić sobie rozgrywkę znajdziesz właśnie tutaj. "
,League of Legends Wiki,http://pl.leagueoflegends.wikia.com/,Video Games,http://images1.wikia.nocookie.net/joeplayground/images/b/ba/Plleagueoflegends.jpg,"Jeśli jesteś zagorzałym fanem League of Legends i szukałeś strony, na której znajdziesz informacje o swojej ulubionej grze, poszukiwania możesz uznać za zakończone. League of Legends Wiki zawiera wszystko co powinieneś wiedzieć, aby udoskonalić swój styl gry."
,Mass Effect PL Wiki,http://pl.masseffect.wikia.com/,Video Games,http://images3.wikia.nocookie.net/joeplayground/images/c/c8/Plmasseffect.jpg,"Jedno z najbardziej kompletnych, polskojęzycznych źródeł wiedzy o Mass Effect, Mass Effect PL Wiki zawiera wszystkie niezbędne informacje o tej epickiej trylogii gier, które będziesz chciał pozyskać, jeśli zamierasz wkroczyć do uniwersum Mass Effect. "
,Assassin's Creed Wiki,http://pl.assassinscreed.wikia.com/,Video Games,http://images3.wikia.nocookie.net/joeplayground/images/3/30/Plassassinscreed.jpg,"Assassin's Creed Wiki to bezustannie udoskonalana baza danych o serii Assassin's Creed. Zawiera wszystko co chcesz wiedzieć, począwszy od szczegółowych opisów gier a skończywszy na niuansach historii w nich opowiedzianej."
,Call of Duty Wiki,http://pl.callofduty.wikia.com/,Video Games,http://images4.wikia.nocookie.net/joeplayground/images/8/80/Plcallofduty.jpg,"Call of Duty Wiki to Twoja baza danych na temat wszystkiego co związane z serią Call of Duty. Od map w Black Ops do pojazdów w Call of Duty 2 - u nas znajdziesz to, czego szukasz. Zawsze staramy się uzupełniać i ulepszać naszą wiki, dlatego zapraszamy wszystkich do odwiedzin i edycji!"
,Warframe Wiki,http://pl.warframe.wikia.com/,Video Games,http://images2.wikia.nocookie.net/joeplayground/images/f/fd/Plwarframe.jpg,"Warframe Wiki opisuje wydaną przez Digital Extremes grę Warframe. Warframe to kooperacyjny(CO-OP) FPS osadzony w realiach science-fiction. Odwiedź układ słoneczny przyszłości, w którym rasa zwana Tenno próbuje odeprzeć inwazję Grineer i zapewnić sobie przetrwanie. "
,Wiki Spore,http://pl.spore.wikia.com/,Video Games,http://images2.wikia.nocookie.net/joeplayground/images/5/5a/Plspore.jpg,"Wiki Spore jest wolną encyklopedią o grach Spore, Darkspore i pochodnych. Dowiedz się wszystkiego o drodze od komórki do podboju kosmosu w fenomenalnej grze Willa Wrighta i pomóż społeczności edytorów rozbudować zawartość wiki!"
,Patapedia,http://pl.pata.wikia.com/,Video Games,http://images3.wikia.nocookie.net/joeplayground/images/f/f4/Plpata.jpg,"Patapedia to wiki poświęcona serii gier RTS z elementami rytmicznymi ""Patapon"". Gracz wciela się w dowódcę armii jednookich stworzeń walczących z wrogim plemieniem. Na wiki znajdziesz wszystkie informacje dotyczące Pataponów i ich wędrówce w kierunku Końca Świata!"
,Sonic Wiki,http://pl.sonic.wikia.com/,Video Games,http://images3.wikia.nocookie.net/joeplayground/images/d/d5/Plsonic.jpg,"Sonic Wiki to tworzona przez społeczność baza danych na temat gier, anime i innych rzeczy związanych z Soniciem. Dowiedz się więcej o bohaterach, antybohaterach, poziomach i przedmiotach występujących w świecie Sonica."
,RisenPedia,http://pl.risen.wikia.com/,Video Games,http://images4.wikia.nocookie.net/joeplayground/images/a/a1/Plrisen.jpg,"RisenPedia to baza danych o grach z serii Risen; pełnej pirackich motywów i morskich krajobrazów grze RPG, utworzonej przez Piranha Bytes i wydanej przez Deep Silver. Pierwsza część gry wydana została w roku 2009, a jej następca, Risen 2: Mroczne Wody, w kwietniu 2012."
,S.T.A.L.K.E.R. Wiki,http://pl.stalker.wikia.com/,Video Games,http://images1.wikia.nocookie.net/joeplayground/images/1/11/Plstalker.jpg,"S.T.A.L.K.E.R. Wiki to społeczność budująca najlepsze i najdokładniejsze źródło in formacji na temat gier S.T.A.L.K.E.R.: Cień Czarnobyla, S.T.A.L.K.E.R.: Czyste Niebo i  S.T.A.L.K.E.R.: Zew Prypeci. Wiki zawiera niemal 200 stron opisujących świat, historię, bronie i postacie przedstawione w grach."
,WoWWiki,http://pl.wow.wikia.com/,Video Games,http://images1.wikia.nocookie.net/joeplayground/images/4/4a/Plwow.jpg,"WoWWiki to wiki poświęcona katalogowaniu informacji na temat uniwersum Warcraft, ze szczególnym naciskiem na MMORPG World of Warcraft. Opisuje wszystko, począwszy od historii przedstawionego świata, przez klasy i profesje dostępnych postaci, aż po wskazówki i porady dla graczy."
,Saints Row Wiki,http://pl.saintsrow.wikia.com/,Video Games,http://images3.wikia.nocookie.net/joeplayground/images/f/fa/Plsaintsrow.jpg,"Saints Row Wiki to tworzona przez społeczność fanów strona o serii gier Saint Row, zawierająca opisy misji, mapy, sekrety i wiele więcej. Odkrywaj i dodawaj nowe informacje o Saints Row, Saints Row 2, Saints Row: The Third i Saints Row IV! "
,Wiki Club Penguin Polska,http://pl.clubpenguin.wikia.com/,Video Games,http://images3.wikia.nocookie.net/joeplayground/images/e/e3/Plclubpenguin.jpg,Wiki Club Penguin Polska to wiki o popularnej internetowej grze MMORPG Club Penguin. Celem wiki jest zbieranie i utrzymywanie informacji o grze jak i o jej historii. Setki stron pełne są informacji o grze i występujących w niej wydarzeniach. Odwiedź nas i pomóż w rozbudowie!
,Dishonored Wiki,http://pl.dishonored.wikia.com/,Video Games,http://images4.wikia.nocookie.net/joeplayground/images/6/60/Pldishonored.jpg,"Wciel się w Corvo Attano w jego wędrowce po zemstę. Legendarny osobisty ochroniarz Jessamine Kaldwin niesłusznie oskarżony zostaje o zabójstwo Cesarzowej. Dołącza on do grupy Lojalistów i poprzysięga zemstę na tych, którzy spiskowali przeciw niemu. "
,Tomb Raider Wiki,http://pl.tombraider.wikia.com/,Video Games,http://images2.wikia.nocookie.net/joeplayground/images/d/de/Pltombraider.jpg,Tomb Raider Wiki to tworzona dzięki współpracy fanów skarbnica wiedzy o serii Tomb Raider. Od pierwszej gry z Larą Croft aż do najnowszej - tutaj znajdziesz poszukiwane informacje. Wszystkich czytelników zapraszamy do odkrywania zawartości i do współtworzenia z nami tej wiki!
,Deus Ex Wiki,http://pl.deusex.wikia.com/,Video Games,http://images1.wikia.nocookie.net/joeplayground/images/b/b0/Pldeusex.jpg,"Deus Ex Wiki to kompleksowe kompendium wiedzy o serii gier Deus Ex, zawierające informacje o postaciach, broniach, miejscach, organizacjach, technikach i wielu innych aspektach świata przedstawionego w Deus Ex."
,Max Payne Wiki,http://pl.maxpayne.wikia.com/,Video Games,http://images1.wikia.nocookie.net/joeplayground/images/9/95/Plmaxpayne.jpg,"Max Payne Wiki polska wersja encyklopedii o grach z serii Max Payne którą każdy może edytować. Wyjątkowy klimat, niepowtarzalna rozgrywka i doskonale opowiedziana historia czynią serię Max Payne kultową! Dołącz do nas i pomóż zbudować największą bazę danych o grach z serii."
,Alice Wiki,http://pl.alice.wikia.com/,Video Games,http://images1.wikia.nocookie.net/joeplayground/images/a/a5/Plalice.jpg,"Wiki o American McGee's Alice oraz Alice: Madness Returns, grach o Alice. Wiki ta jest polskim odpowiednikiem angielskiej Alice Wiki. Wiki założona została dnia 14 czerwca 2012 roku i od tego czasu edytorom udało się zbudować ponad 100 artykułów opisujących świat Alice."
,Need for Speed Wiki,http://pl.nfs.wikia.com/,Video Games,http://images2.wikia.nocookie.net/joeplayground/images/9/91/Plnfs.jpg,"Need for Speed Wiki to rosnące źródło informacji o grach z serii Need for Speed. Od pierwszej z nich, wydanej w 1994 ""The Need for Speed"" po najnowsze wersje - na wiki staramy się opisać je wszystkie, wraz ze szczegółami dotyczącymi dostępnych samochodów, lokacji czy trybów gry."
,Wolfenstein Wiki,http://pl.wolfenstein.wikia.com/,Video Games,http://images1.wikia.nocookie.net/joeplayground/images/6/6b/Plwolfenstein.jpg,"Ta wiki opisuje wszystkie aspekty gier z serii Wolfenstein; począwszy od  wydanej w 1992 Wolfenstein 3D (a nawet wcześniejszych!), aż po nadchodzący Wolfenstein: The New Order. Wszyscy użytkownicy i fani serii mogą swobodnie przeglądać, i rozbudowywać zawartość!"
,TekkenPolska Wiki,http://pl.tekkenpolska.wikia.com/,Video Games,http://images4.wikia.nocookie.net/joeplayground/images/d/de/Pltekkenpolska.jpg,"TekkenPolska Wiki to najlepsze źródło informacji dla wszystkich graczy i fanów serii bijatyk Tekken. Wiki opisuje gry, bohaterów, poziomy i wiele innych aspektów serii. Nowi użytkownicy znajdą wiele możliwości podzielenia się swoją wiedzą. Jeśli znajdziesz na wiki coś, co nie brzmi poprawnie, nie bój się tego poprawić!"
,Harry Potter Wiki,http://pl.harrypotter.wikia.com/,Entertainment,http://images2.wikia.nocookie.net/joeplayground/images/f/ff/Plharrypotter.jpg,"Harry Potter Wiki to społeczność zbierająca wszystkie dostępne informacje na temat serii książek J. K. Rowling jak i powiązanych z nią tematów, takich jak filmy czy bieżące wydarzenia. Dołącz do nas i podziel się swoją pasją do Harry'ego Pottera!"
,Naruto Wiki,http://pl.naruto.wikia.com/,Entertainment,http://images1.wikia.nocookie.net/joeplayground/images/4/45/Plnaruto.jpg,"Naruto Wiki to wiki o mandze, anime, filmach, grach i bohaterach serii Masashiego Kishimoto - Naruto i o marzeniu tytułowego bohatera, który pragnie zostać zauważony przez mieszkańców swojej osady i zostać jej przywódcą - Hokage."
,My Little Pony Friendship is Magic Wiki,http://pl.mlp.wikia.com/,Entertainment,http://images2.wikia.nocookie.net/joeplayground/images/8/80/Plmlp.jpg,"My Little Pony Friendship is Magic Wiki to wiki poświęcona kultowemu serialowi animowanemu ""My Little Pony"" i wszystkiemu co z nim związane. Znajdują się na niej informacje na temat kucyków występujących w serii, odcinków i piosenek, a także fantastyczna społeczność fanów, do której na pewno zechcesz dołączyć!"
,Slugterra Wiki,http://pl.slugterra.wikia.com/,Entertainment,http://images2.wikia.nocookie.net/joeplayground/images/7/77/Plslugterra.jpg,"Witaj na Slugterra Wiki! To jedyna polskojęzyczna encyklopedia dotycząca serialu Slugterra. Codziennie dokładamy wszelkich starań, by była ona jak najprzejrzystsza i najprostsza w odbiorze, więc rozgość się i zacznij zwiedzanie! "
,Bleach Wiki,http://pl.bleach.wikia.com/,Entertainment,http://images2.wikia.nocookie.net/joeplayground/images/6/61/Plbleach.jpg,"Jedno z największych, polskojęzycznych źródeł informacji o Bleach - mandze autorstwa Tite Kubo. Obok opisu samej mangi, na wiki znajdują się też artykuły o anime, grach, filmach, postaciach serii jak i przedstawionym w niej świecie."
,Dragonball Wiki,http://pl.dragonball.wikia.com/,Entertainment,http://images2.wikia.nocookie.net/joeplayground/images/9/97/Pldragonball.jpg,"Dragon Ball Wiki to polska encyklopedia-przewodnik po uniwersum Smoczego Świata czyli: mangach, anime, grach, gadżetach, filmach live-action oraz wszystkim, co związane z Dragon Ballem, którą każdy może edytować."
,Fairy Tail Wiki,http://pl.fairytail.wikia.com/,Entertainment,http://images3.wikia.nocookie.net/joeplayground/images/c/c3/Plfairytail.jpg,"Fairy Tail Wiki poświęcona jest w całości mandze i anime Fairy Tail stworzonej przez Hiro Mashima. Celem wiki jest tworzenie możliwie kompletnego zbioru informacji o Fairy Tail, włączając w to opisy postaci, odcinków, miejsc i gildii występujących w serii."
,Ben 10 Wiki,http://pl.ben10.wikia.com/,Entertainment,http://images4.wikia.nocookie.net/joeplayground/images/9/9e/Plben10.jpg,"Ben 10 Wiki to polska encyklopedia poświęcona serialowi animowanemu Cartoon Network - Ben 10. Celem wiki jest zdobycie wszystkich informacji dotyczących serialu jak i utworzenie miejsca dla członków społeczności, aby mogli dzielić się swoimi poglądami. Dołącz do nas już teraz!"
,Śródziemie Wiki,http://pl.lotr.wikia.com/,Entertainment,http://images2.wikia.nocookie.net/joeplayground/images/5/54/Pllotr.jpg,"Śródziemie Wiki to strona, która poświęcona jest twórczości J. R. R. Tolkiena. Znajdziesz tutaj wszelkie informacje na temat świata stworzonego przez Tolkiena: m.in. mitologii, postaci, ras, przyrody, geografii, a także jego książek i ich ekranizacji. Już dzisiaj rozpocznij edytowanie lub tworzenie nowych artykułów!"
,One Piece Wiki,http://pl.onepiece.wikia.com/,Entertainment,http://images2.wikia.nocookie.net/joeplayground/images/e/ec/Plonepiece.jpg,"One Piece Wiki to polska encyklopedia ""One Piece"". Naszym celem jest dostarczenie jak największej liczbie czytelników rzetelnych i wyczerpujących informacji dotyczących świata przedstawionego w ""One Piece"". Znajdziesz tutaj opisy występujących w serii postaci, odcinków czy lokalizacji i wiele więcej!"
,Pora na Przygodę Wiki,http://pl.pora-na-przygode.wikia.com/,Entertainment,http://images1.wikia.nocookie.net/joeplayground/images/f/f1/Plpora-na-przygode.jpg,"Pora na Przygodę Wiki to encyklopedia, która wie wszystko o Krainie Ooo! Dowiesz się tutaj wszystkiego o przygodach Człowieka Finna, jego brata, psa Jake'a oraz pozostałych bohaterów serialu Pora na Przygodę. Dołącz do przygody już teraz!"
,Pingwiny z Madagaskaru Wiki,http://pl.pzm.wikia.com/,Entertainment,http://images2.wikia.nocookie.net/joeplayground/images/2/2c/Plpzm.jpg,"""Pingwiny z Madagaskaru"" to amerykański serial produkcji DreamWorks i Nickelodeon, opowiadający o drugoplanowych bohaterach filmu Madagaskar, Madagaskar 2 i Madagaskar 3. Po przygodach w Afryce, pingwini komandosi - Skipper, Kowalski, Szeregowy, Rico, oraz szympansy - Edek i Mason - powracają do Zoo w Central Parku w Nowym Yorku. Tam ze zdziwieniem odkrywają, że zabrali się z nimi pasażerowie na gapę: samozwańczy król lemurów - Król Julian, jego prawa ręka - Maurice i największy fan króla (a raczej jego stóp) - Mort. Na Pingwiny z Madagaskaru Wiki znajdziesz szczegółowe informacje dotyczące postaci, jak i opisy odcinków serialu. Zapraszamy!"
,Austin i Ally Wiki,http://pl.austinially.wikia.com/,Entertainment,http://images4.wikia.nocookie.net/joeplayground/images/f/f3/Plaustinially.jpg,"Austin i Ally Wiki to tworzona przez społeczność baza danych na temat emitowanego na kanale Disney Channel serialu ""Austin i Ally"". Dowiedz się wszystkiego o postaciach i odcinkach, podyskutuj z innymi fanami i zapoznaj się z najnowszymi związanymi z serialem."
,Fineasz i Ferb Wiki,http://pl.fineasziferb.wikia.com/,Entertainment,http://images4.wikia.nocookie.net/joeplayground/images/f/f7/Plfineasziferb.jpg,"Fineasz i Ferb Wiki to tworzona przez fanów wiki o wyprodukowanym przez The Walt Disney Company serialu ""Fineasz i Ferb"". Niemal tysiąc artykułów o postaciach, odcinkach, miejscach czy piosenkach występujących w serialu jest oddalone o zaledwie jedno kliknięcie!"
,Bakugan Wiki,http://pl.bakugan.wikia.com/,Entertainment,http://images2.wikia.nocookie.net/joeplayground/images/8/89/Plbakugan.jpg,"Bakugan Wiki jest wikią w tematyce japońsko-kanadyjskiej anime - Bakugan. Opowiada o tytułowej grze i postaciach, Bakuganach. Dotychczas, ukazały się 4 serie Bakugan. Pierwsza seria (Bakugan: Młodzi Wojownicy) opowiada o losach Bakuganów na ziemi, oraz o Młodych Wojownikach Bakugan i ich wrogu - złym Maskaradzie... Odwiedź nas i dowiedz się więcej!"
,Digimon Universe Wiki,http://pl.digimonuniverse.wikia.com/,Entertainment,http://images2.wikia.nocookie.net/joeplayground/images/e/ea/Pldigimon.jpg,"Digimon Universe Wiki to wiki o wszystkim co związane z Digimonami. Znajdziesz tutaj informacje o serii anime, filmach, rozdziałach mangi, bohaterach, grach, kartach Digimon, a także sekcję fanon, w której każdy sam może stworzyć własnego Digimona!"
,Saga Zmierzch Wiki,http://pl.twilightsaga.wikia.com/,Entertainment,http://images3.wikia.nocookie.net/joeplayground/images/2/2e/Pltwighlight.jpg,"Saga Zmierzch Wiki to tworzona przez społeczność fanów baza informacji o sadze Zmierzch. Zmierzch to seria książek o wampirach autorstwa Stephenie Meyer, która w ostatnim czasie biła rekordy popularności. Dowiedz się wszystkiego o książkach i filmach serii, a także o występujących w nich postaciach."
,Tajemnice Domu Anubisa Wiki,http://pl.tajemnice-domu-anubisa.wikia.com/,Entertainment,http://images2.wikia.nocookie.net/joeplayground/images/6/62/Pltajemnice-domu-anubisa.jpg,"Tajemnice Domu Anubisa Wiki jest encyklopedią o serialu Tajemnice Domu Anubisa, w której każdy może uczestniczyć. Format pozwala każdemu edytować lub utworzyć stronę, blog i wiele więcej! Jesteśmy wdzięczni, że jesteś i mamy nadzieję, że przyłączysz się do wiki."
,Awatar Wiki,http://awatar.wikia.com/,Entertainment,http://images3.wikia.nocookie.net/joeplayground/images/3/33/Plavatar.jpg,"Witajcie w baśniowej opowieści pełnej niezwykłych ludzi i duchów. Naród Ognia próbuje przejąć panowanie nad światem. Opór stawiają mu pozostałe ziemskie nacje: Plemiona Wody, Królestwo Ziemi oraz Nomadowie Powietrza. W każdej z nich żyją magowie - ludzie posiadający władzę nad jednym z czterech żywiołów. Jednak świat może uratować tylko Awatar - jedyny mag, który panuje nad wszystkimi żywiołami...Dowiedz się więcej!"
,Igrzyska Śmierci Wiki,http://igrzyskasmierci.wikia.com/,Entertainment,http://images4.wikia.nocookie.net/joeplayground/images/d/d0/Plhungergames.jpg,"Igrzyska Śmierci Wiki to wiki poświęcona bestsellerowej serii książek Igrzyska Śmierci i powstałych na jej podstawie filmów. Mamy nadzieję, że stanie się ona największym i najdokładniejszym źródłem informacji o sadze autorstwa Suzanne Collins w Internecie!"
,Sword Art Online Wiki,http://pl.swordartonline.wikia.com/,Entertainment,http://images2.wikia.nocookie.net/joeplayground/images/f/f1/Plswordartonline.jpg,"Sword Art Online Wiki to tworzona przez fanów strona o Sword Art Online, którą każdy może edytować. Sword Art Online (ソードアート・オンライン Sōdo Āto Onrain?) to seria japońskiej powieści napisanej przez Kawaharę Rekiego i zilustrowana przez abec. Seria jest publikowana przez ASCII Media Works pod Dengeki Bunko. Została zaadaptowana do serialu anime przez studio A-1 Pictures. Anime rozpoczęło swoją emisję w lipcu 2012."
,Taniec Rządzi Wiki,http://pl.taniecrzadzi.wikia.com/,Entertainment,http://images3.wikia.nocookie.net/joeplayground/images/9/98/Pltaniecrzadzi.jpg,"Taniec Rządzi Wiki to portal o serialu produkcji Disney Channel ""Taniec Rządzi"". Serial opowiada historię dwóch przyjaciółek - Cecilii ""CeCe"" Jones i Raquel ""Rocky"" Blue, którym udaje się spełnić swoje marzenie zostania zawodowymi tancerkami i otrzymują możliwość wystąpienia w programie tanecznym ""Taniec rządzi w Chicago""."
,Big Time Rush Wiki,http://pl.bigtimerush.wikia.com/,Entertainment,http://images2.wikia.nocookie.net/joeplayground/images/a/af/Plbigtimerush.jpg,"Jesteś fanem lub fanką Big Time Rush? Uwielbiasz ""Love Me Love Me"", ""Windows Down"" czy ""City Is Ours""? Niecierpliwie czekasz na kolejną płytę zespołu lub najnowszy odcinek serialu? Wpadnij na Big Time Rush Wiki i dowiedz się wszystkiego czego jeszcze nie wiesz o Big Time Rush!"
,Nadzdolni Wiki,http://pl.nadzdolni.wikia.com/,Entertainment,http://images2.wikia.nocookie.net/joeplayground/images/d/dd/Plnadzdolni.jpg,"Nadzdolni Wiki jest w całości poświęcona serialowi Nadzdolni produkcji Disneya. Jest ona polskim odpowiednikiem A.N.T. Farm Wiki. Znajdziesz tutaj opisy odcinków, postaci, obsady serialu i wiele więcej! Odwiedź nas już teraz!"
,Death Note Wiki,http://pl.deathnote.wikia.com/,Entertainment,http://images1.wikia.nocookie.net/joeplayground/images/d/d1/Pldeathnote.jpg,"Death Note Wiki to wiki w całości poświęcona serii Tsugumi Ōby i Takeshi Obaty - Death Note. Dowiedz się wszystkiego o postaciach występujących w mandze i anime, przejrzyj opisy odcinków, a przede wszystkim - dowiedz się jak działa Notatnik Śmierci..."
,Huntik Wiki,http://pl.huntik.wikia.com/,Entertainment,http://images3.wikia.nocookie.net/joeplayground/images/2/2d/Plhuntik.jpg,"Huntik Wiki zawiera informacje o ""Huntik: Łowcy tajemnic"" - serialowi animowanemu wyprodukowanemu i wyreżyserowanemu przez Iginio Straffi. Wejdź do uniwersum potężnych Tytanów, odkryj mitologię przedstawionego świata i poznaj postacie występujące z serialu."
,Scoobypedia,http://pl.scoobydoo.wikia.com/,Entertainment,http://images3.wikia.nocookie.net/joeplayground/images/8/8a/Plscoobydoo.jpg,"Scoobypedia to wolna encyklopedia o wszystkim co Scooby Doo. Scooby Doo to popularny serial animowanemu liczący ponad 40 lat historii. Wiki zawiera informacje na temat postaci i potworów, które kiedykolwiek występowały w Scooby Doo, a także o związanym z nim filmach."
,Yu-Gi-Oh! Wiki,http://pl.yugioh.wikia.com/,Entertainment,http://images1.wikia.nocookie.net/joeplayground/images/8/82/Plyugioh.jpg,"Yu-Gi-Oh! Wiki jest stroną dla fanów Yu-Gi-Oh!, którą wszyscy mogą edytować. Naszą misją jest stworzyć jak najbardziej kompletnego kompendium wiedzy na temat tej ponadczasowej gry karcianej. Dalej, dołącz do naszej społeczności!"
,Percy Jackson Wiki,http://pl.polskapersopedia.wikia.com/,Entertainment,http://images2.wikia.nocookie.net/joeplayground/images/e/e8/Plpercyjackson.jpg,"Percy Jackson Wiki to najlepsza baza danych na temat wszystkiego co związane ze światem Percy Jackson - światem, w którym bogowie mitologii greckiej i rzymskiej nadal władają światem, a potężne potwory nie są niczym niezwykłym. Wiki zawiera informacje na temat książek o przygodach Perseusza ""Percy"" Jacksona, jak i powiązanych filmów."
,Dom dla zmyślonych przyjaciół pani Foster Wiki,http://pl.ddzppf.wikia.com/,Entertainment,http://images2.wikia.nocookie.net/joeplayground/images/c/cc/Plddzppf.jpg,"Dom Dla Zmyślonych Przyjaciół Pani Foster Wiki jest encyklopedią o wszystkim, co związane z serialem animowanym Dom dla zmyślonych przyjaciół pani Foster, stworzonym przez Craiga McCrackena (twórcę m.in. Atomówek), Lauren Faust oraz Cartoon Network Studios, emitowany w sieci Cartoon Network od 2004 roku."
,Monster High Wiki,http://pl.monsterhigh.wikia.com/,Lifestyle,http://images2.wikia.nocookie.net/joeplayground/images/5/5e/Plmonsterhigh.jpg,"Wiki o potwornych uczniach uczęszczających do szkoły Monster High. Poznaj ich style, wady i zwierzątka. Monster High to amerykańska linia lalek stworzona przez firmę Mattel. Od początku produkcji powstało także wiele innych akcesoriów powiązanych z Monster High, takich jak pluszowe zabawki, artykuły papiernicze, torby, akcesoria, odzież, książki i elektronika."
,Warszawikia,http://warszawa.wikia.com/,Lifestyle,http://images1.wikia.nocookie.net/joeplayground/images/b/bf/Plwarszawa.jpg,"Warszawikia to internetowa encyklopedia wiedzy o Warszawie – stolicy Polski. Nazwa Warszawikia to zbitek wyrazów ""Warszawa"" i ""Wikia"". Warszawikia ruszyła 12 czerwca 2006 roku. Od początku istnienia utworzono na niej ponad 4000 artykułów, a ich liczba stale rośnie."
,Encyklopedia Bionicle,http://pl.bionicle.wikia.com/,Lifestyle,http://images1.wikia.nocookie.net/joeplayground/images/6/65/Plbionicle.jpg,Encyklopedia Bionicle to społeczność zrzeszona wokół wszystkie co związane z Bionicle -  linią zabawek produkowanych przez Lego Group rozpoczęta w 2001 roku. Postaci składane z zestawów klocków mają przypisane określone cechy charakteru i umiejętności. Zabawki wzorowano i częściowo zaczerpnięto z mitologii polinezyjskiej.
,Bezsensopedia,http://bezsensopedia.wikia.com/,Lifestyle,http://images3.wikia.nocookie.net/joeplayground/images/6/61/Plbezsensopedia.jpg,"Czy zastanawiałeś się kiedyś, co wspólnego ma komar z ketchupem? A może chciałbyś wiedzieć, jak przeciętny człowiek zdefiniuje kwadrat? Bezsensopedia udzieli odpowiedzi na każde - nawet najbardziej bezsensowne - pytanie."
,Creepypasta Wiki,http://pl.creepypasta.wikia.com/,Lifestyle,http://images3.wikia.nocookie.net/joeplayground/images/9/9f/Plcreepypasta.jpg,"Creepypasta to krótka opowieść krążąca po internecie mająca na celu wywołać u czytającego uczucie strachu. Opowieść taka może przybrać formę legendy miejskiej. Pomysł na Creepypasta Wiki został zaczerpnięty z angielskiej, oryginalnej wersji strony, której celem jest stworzenie biblioteki takich właśnie opowieści. Jeżeli znasz jakąś „creepypastę” i chciałbyś się nią podzielić, nie krępuj się i dodaj nowy artykuł na naszej wiki!"
,Poznańska Wiki,http://poznan.wikia.com/,Lifestyle,http://images3.wikia.nocookie.net/joeplayground/images/4/4f/Plpoznan.jpg,"Jest w Internecie wiele miejsc, w których można znaleźć informacje o Poznaniu. Kiedy miasto powstało. Że ma koziołki. Ile ma kościołów i gdzie. Na jakie koncerty zajrzeć w tym tygodniu... Ale nie ma chyba jednego miejsca, które pozwala poznać Poznań od nieco innej, bardziej osobistej, nieco tajemniczej strony. Serwisu, który poprowadzi nas na mniej uczęszczane szlaki - w zaułki i uliczki wokół Rynku, do maleńkich, nie znanych szerzej knajpek. Albo do zapomnianego lądowiska dla sterowców. Poprzez podziemia pod Rondem Kaponiera... Na Poznańskiej Wiki gromadzimy takie właśnie ciekawostki i małe tajemnice Poznania. Chcielibyśmy zaprosić Was do pomocy przy wzbogacaniu tego zbioru o Wasze ulubione miejsca, legendy i historie poznańskie. Nie zabraknie też powszechnie dostępnych informacji, spisanych oczami miłośników miasta Poznania."
,LEGO Ninjago Wiki,http://pl.ninjago.wikia.com/,Lifestyle,http://images3.wikia.nocookie.net/joeplayground/images/9/98/Plninjago.jpg,"LEGO Ninjago Wiki jest największą polską wiki o LEGO Ninjago, powstałą 1 stycznia 2011 roku. Jest wolną encyklopedią internetową o LEGO Ninjago - linii zabawek produkowanych przez Lego Group. Ponad rok po powstaniu, LEGO Ninjago Wiki osiągnęła ponad 450 artykułów i nadal rośnie."
,Wiki Uzbrojenie,http://pl.uzbrojenie.wikia.com/,Lifestyle,http://images1.wikia.nocookie.net/joeplayground/images/f/fb/Pluzbrojenie.jpg,"Wiki Uzbrojenie to największa, polska wiki o uzbrojeniu i militariach, którą każdy może edytować! Zawiera informacje o armiach, rodzajach broni, stosunkach między państwami a także o technologiach wojskowych wykorzystywanych przez armie na świecie."
,Ogród Petenery,http://wiersze.wikia.com/,Lifestyle,http://images4.wikia.nocookie.net/joeplayground/images/a/ac/Plwiersze.jpg,"Ogród Petenery jest stroną internetową z wolną twórczością poświęconą głównie wierszom i poezji, którą każdy może edytować i na stronach której każdy może publikować. Zamieszczamy wolną twórczość własną lub przekłady własne utworów do których prawa autorskie wygasły lub były publikowane na wolnej licencji. Wikia ta poświęcona jest poezji w języku polskim ale nie wykluczamy także innego rodzaju twórczości (np. pieśni, prozy, opowiadań, galerii obrazów i muzyki)."
,Egiptopedia,http://egipt.wikia.com/,Lifestyle,http://images2.wikia.nocookie.net/joeplayground/images/d/d9/Plegipt.jpg,"Egiptopedia to polski projekt internetowej encyklopedii poświęconej zagadnieniom cywilizacji Starożytnego Egiptu oraz jej wpływom na kultury sąsiednie. Dowiedz się wszystkiego o historii, władcach, religii, architekturze, sztuce, muzyce czy literaturze Starożytnego Egiptu."
,Legopedia,http://pl.lego.wikia.com/,Lifestyle,http://images2.wikia.nocookie.net/joeplayground/images/2/20/Pllego.jpg,"Polska, internetowa encyklopedia zbierająca informacje dotyczące firmy LEGO i jej produktów. Nazwa powstała z połączenia słów LEGO i (encyklo)pedia. Legopedię może współtworzyć każdy, bez względu na to czy jest zarejestrowanym użytkownikiem czy też nie. Każdy może również wykorzystywać zawarte w niej informacje do własnych celów."
,Mitologia Wiki,http://pl.mitologia.wikia.com/,Lifestyle,http://images1.wikia.nocookie.net/joeplayground/images/7/7c/Plmitologia.jpg,"Mitologia Wiki stworzona została z myślą z myślą o katalogowaniu wiedzy o wszystkich znanych mitologiach. Poznasz tu wiele ciekawych przygód bogów i bohaterów mistycznych z różnych mitologii np. greckiej, nordyckiej, słowiańskiej, rzymskiej oraz egipskiej."
,Barbie Wiki,http://pl.barbie.wikia.com/,Lifestyle,http://images2.wikia.nocookie.net/joeplayground/images/5/5e/Plbarbie.jpg,"Jest to polska baza danych o Barbie – lalce wyprodukowanej przez firmę Mattel, a także związanych z nią filmach. Barbie to jedna z najlepiej sprzedających się zabawek i jednocześnie jedna z najbardziej znanych ikon kultury masowej. Barbie została stworzona przez Ruth Handler w 1958 na podstawie przeznaczonej dla dorosłych niemieckiej lalki Lilli, a zadebiutowała 9 marca 1959 na nowojorskich targach zabawek, po wykupieniu praw do Lilli przez założoną przez Ruth i Elliotta Handlerów firmę Mattel."
,Książkopedia,http://ksiazkopedia.wikia.com/,Lifestyle,http://images2.wikia.nocookie.net/joeplayground/images/3/3f/Plksiazki.jpg,"Książkopedia jest polską encyklopedią książek, którą każdy może ją edytować. Celem wiki jest zgromadzenie możliwie wielu informacji o książkach wszystkich gatunków, jak i opisów pisarzy. Jeśli jesteś miłośnikiem książek, ta wiki jest właśnie dla Ciebie."
,Encyklopedii tradycji,http://tradycja.wikia.com/,Lifestyle,http://images2.wikia.nocookie.net/joeplayground/images/9/91/Pltradycja.jpg,"Ludzie żyją szybko. Rodzą się, uczą, dorastają, pracują. Coraz rzadziej mają czas na chwilę refleksji. Coraz częściej przyjmują to, co ich otacza jako rzecz naturalną, tak jakby wszystko powstało w jakimś cudownym akcie stworzenia, by zaspokoić ich osobiste potrzeby i ambicje. Rzadko zdajemy sobie sprawę, jak bardzo ewoluowały poglądy ludzi, jak bardzo zmieniały się obyczaje, jak bardzo zmieniło się ludzkie postrzeganie świata. Dlatego powstała Encyklopedia Tradycji. Ma ona pokazać, że biorąc do ręki współczesną encyklopedię, w rzeczywistości bierzemy do ręki tylko kolejną wersję encyklopedii wydanej w przeszłości, czasem dość odległej."
