wikiDomain,wikiId,wgWatchShowEnabledDate
keiko-test.fandom.com,1081891,2019-11-01T14:00:00Z
starwars.fandom.com (mobile + desktop),147,2019-11-12T14:00:00Z
disney.fandom.com (mobile + desktop),374,2019-11-12T14:00:00Z
marvel.fandom.com (mobile + desktop),2233,2019-11-12T14:00:00Z
simpsons.fandom.com (mobile + desktop),673,2019-11-12T14:00:00Z
pixar.fandom.com (mobile + desktop),4097,2019-11-12T14:00:00Z
marvelcinematicuniverse.fandom.com,177996,2019-11-12T14:00:00Z
muppet.fandom.com,831,2019-11-12T14:00:00Z
hero.fandom.com,20780,2019-11-12T14:00:00Z
assassinscreed.fandom.com,3510,2019-11-12T14:00:00Z
unturned.fandom.com,922669,2019-11-12T14:00:00Z
thewalkingdeadtv.fandom.com,504037,2019-11-12T14:00:00Z
ark-survival-evolved.fandom.com,1198940,2019-11-12T14:00:00Z
charmed.fandom.com,977,2019-11-12T14:00:00Z
shield-hero.fandom.com,1048231,2019-11-12T14:00:00Z
phineasandferb.fandom.com,6390,2019-11-12T14:00:00Z
dishonored.fandom.com,331747,2019-11-12T14:00:00Z
boku-no-robloxremastered.fandom.com,1810738,2019-11-12T14:00:00Z
xmenmovies.fandom.com,212757,2019-11-12T14:00:00Z
mario.fandom.com,3473,2019-11-12T14:00:00Z
worldofcarsdrivein.fandom.com,285136,2019-11-12T14:00:00Z
gravityfalls.fandom.com,218059,2019-11-12T14:00:00Z
marvel-movies.fandom.com,6294,2019-11-12T14:00:00Z
assassinscreed.fandom.com,151346,2019-11-12T14:00:00Z
dynastytv.fandom.com,1635236,2019-11-12T14:00:00Z
dcmovies.fandom.com,9231,2019-11-12T14:00:00Z
monster.fandom.com,16748,2019-11-12T14:00:00Z
lionking.fandom.com,759,2019-11-12T14:00:00Z
re-monster.fandom.com,1000027,2019-11-12T14:00:00Z
hero-havoc.fandom.com,1908857,2019-11-12T14:00:00Z
archero.fandom.com,1992497,2019-11-12T14:00:00Z
csi.fandom.com,1872,2019-11-12T14:00:00Z
oxygen-not-included.fandom.com,1432589,2019-11-12T14:00:00Z
shadowhunterstv.fandom.com,1564664,2019-11-12T14:00:00Z
heartlandtv.fandom.com,327844,2019-11-12T14:00:00Z
ed.fandom.com,2889,2019-11-12T14:00:00Z
chicagomed.fandom.com,1148758,2019-11-12T14:00:00Z
thekingoffightersallstar.fandom.com,1790371,2019-11-12T14:00:00Z
barbiemovies.fandom.com,157124,2019-11-12T14:00:00Z
dishonored.fandom.com,626879,2019-11-12T14:00:00Z
pokemonreloaded.fandom.com,179733,2019-11-12T14:00:00Z
bluebloodstv.fandom.com,165480,2019-11-12T14:00:00Z
uncharted.fandom.com,5481,2019-11-12T14:00:00Z
thelionking.fandom.com,266286,2019-11-12T14:00:00Z
h2o.fandom.com,6482,2019-11-12T14:00:00Z
bloodstained.fandom.com,1182905,2019-11-12T14:00:00Z
hi5tv.fandom.com,393021,2019-11-12T14:00:00Z
phantasystar.fandom.com,3316,2019-11-12T14:00:00Z
mario.fandom.com,3665,2019-11-12T14:00:00Z
ark-survival-evolved.fandom.com,1186793,2019-11-12T14:00:00Z
jessie.fandom.com,234888,2019-11-12T14:00:00Z
101dalmatianstreet.fandom.com,1730133,2019-11-12T14:00:00Z
oc.fandom.com,1418,2019-11-12T14:00:00Z
clonewars.fandom.com,8774,2019-11-12T14:00:00Z
assassinscreed.fandom.com,161263,2019-11-12T14:00:00Z
mario.fandom.com,4284,2019-11-12T14:00:00Z
krunkerio.fandom.com,1754751,2019-11-12T14:00:00Z
cautious-hero.fandom.com,1943954,2019-11-12T14:00:00Z
assassinscreed.fandom.com,366313,2019-11-12T14:00:00Z
marvelanimated.fandom.com,6444,2019-11-12T14:00:00Z
fanmadepokemonglazed.fandom.com,933527,2019-11-12T14:00:00Z
overgeared.fandom.com,1655045,2019-11-12T14:00:00Z
girlmeetsworld.fandom.com,634723,2019-11-12T14:00:00Z
movies.fandom.com,559,2019-11-12T14:00:00Z
justified.fandom.com,98124,2019-11-12T14:00:00Z
muvluv.fandom.com,333821,2019-11-12T14:00:00Z
gravityfalls.fandom.com,744464,2019-11-12T14:00:00Z
mario.fandom.com,12111,2019-11-12T14:00:00Z
teamfourstar.fandom.com,68887,2019-11-12T14:00:00Z
oztv.fandom.com,37717,2019-11-12T14:00:00Z
wizardsofwaverlyplace.fandom.com,4095,2019-11-12T14:00:00Z
assassinscreed.fandom.com,13794,2019-11-12T14:00:00Z
suitelife.fandom.com,4093,2019-11-12T14:00:00Z
livandmaddie.fandom.com,705261,2019-11-12T14:00:00Z
love-island-itv.fandom.com,1746129,2019-11-12T14:00:00Z
primaltv.fandom.com,2031239,2019-11-12T14:00:00Z
clone-hero.fandom.com,1659785,2019-11-12T14:00:00Z
thegifted.fandom.com,1569983,2019-11-12T14:00:00Z
digitalmonster.fandom.com,789592,2019-11-12T14:00:00Z
nashville.fandom.com,537778,2019-11-12T14:00:00Z
starwarsrebels.fandom.com,752726,2019-11-12T14:00:00Z
enciclopediadelmisterio.fandom.com,560514,2019-11-12T14:00:00Z
hannahmontana.fandom.com,5035,2019-11-12T14:00:00Z
guitarhero.fandom.com,2962,2019-11-12T14:00:00Z
stexpanded.fandom.com,745,2019-11-12T14:00:00Z
fakemonfirered.fandom.com,1283050,2019-11-12T14:00:00Z
disney-junior-random-episodes.fandom.com,679798,2019-11-12T14:00:00Z
assassinscreed.fandom.com,6663,2019-11-12T14:00:00Z
goodluckcharlie.fandom.com,86328,2019-11-12T14:00:00Z
assassinscreed.fandom.com,11710,2019-11-12T14:00:00Z
dontgetfired.fandom.com,1251999,2019-11-12T14:00:00Z
versailles-tv.fandom.com,1520944,2019-11-12T14:00:00Z
monstersincmovies.fandom.com,747185,2019-11-12T14:00:00Z
hades-star.fandom.com,1562702,2019-11-12T14:00:00Z
cancelled-movies.fandom.com,1607902,2019-11-12T14:00:00Z
park-of-monster.fandom.com,1953354,2019-11-12T14:00:00Z
jakeandtheneverlandpirates.fandom.com,218100,2019-11-12T14:00:00Z
papermario.fandom.com,4843,2019-11-12T14:00:00Z
legends-of-speed.fandom.com,2009364,2019-11-12T14:00:00Z
needforspeed.fandom.com,715122,2019-11-12T14:00:00Z
rio.fandom.com,119785,2019-11-12T14:00:00Z
lost.fandom.com,847,2019-11-12T14:00:00Z
assassinscreed.fandom.com,82666,2019-11-12T14:00:00Z
movie-monster.fandom.com,1710718,2019-11-12T14:00:00Z
frozen.fandom.com,851598,2019-11-12T14:00:00Z
stand-my-hero.fandom.com,1456438,2019-11-12T14:00:00Z
ffxiv.fandom.com,809716,2019-11-12T14:00:00Z
carriemovies.fandom.com,737210,2019-11-12T14:00:00Z
wanderoveryonder.fandom.com,720092,2019-11-12T14:00:00Z
elfen-lied.fandom.com,9764,2019-11-12T14:00:00Z
mybabysittersavampire.fandom.com,283651,2019-11-12T14:00:00Z
annex.fandom.com,3259,2019-11-12T14:00:00Z
philippinetelevision.fandom.com,175864,2019-11-12T14:00:00Z
yugioh-arcv.fandom.com,888416,2019-11-12T14:00:00Z
sofia.fandom.com,626268,2019-11-12T14:00:00Z
lifetime-little-women.fandom.com,1553252,2019-11-12T14:00:00Z
luckystar.fandom.com,9824,2019-11-12T14:00:00Z
chicagotv.fandom.com,1492399,2019-11-12T14:00:00Z
gran-hotel-serie-de-television.fandom.com,732895,2019-11-12T14:00:00Z
wicked.fandom.com,6577,2019-11-12T14:00:00Z
crypttv.fandom.com,1835537,2019-11-12T14:00:00Z
miscreated.fandom.com,1068490,2019-11-12T14:00:00Z
adjl.fandom.com,3255,2019-11-12T14:00:00Z
spiderman-animated.fandom.com,1223495,2019-11-12T14:00:00Z
violetta.fandom.com,444292,2019-11-12T14:00:00Z
vld.fandom.com,1431529,2019-11-12T14:00:00Z
gravityfalls.fandom.com,521271,2019-11-12T14:00:00Z
youtv.fandom.com,1743575,2019-11-12T14:00:00Z
mario.fandom.com,493139,2019-11-12T14:00:00Z
roblox-tftv.fandom.com,1554424,2019-11-12T14:00:00Z
dev.fandom.com,7931,2019-11-12T14:00:00Z
charmed.fandom.com,6756,2019-11-12T14:00:00Z
unturned.fandom.com,970898,2019-11-12T14:00:00Z
el-bestiario.fandom.com,1053109,2019-11-12T14:00:00Z
titanstv.fandom.com,1831018,2019-11-12T14:00:00Z
theproudfamily.fandom.com,67373,2019-11-12T14:00:00Z
thewirehbotv.fandom.com,489590,2019-11-12T14:00:00Z
aoc.fandom.com,3236,2019-11-12T14:00:00Z
freeciv.fandom.com,2261,2019-11-12T14:00:00Z
charmed.fandom.com,62474,2019-11-12T14:00:00Z
r2dremastered.fandom.com,1546280,2019-11-12T14:00:00Z
walt-disney-videos-uk.fandom.com,1614926,2019-11-12T14:00:00Z
natm.fandom.com,26590,2019-11-12T14:00:00Z
buzzfeed-unsolved.fandom.com,1662186,2019-11-12T14:00:00Z
kickbuttowski.fandom.com,81520,2019-11-12T14:00:00Z
monstermovies.fandom.com,506091,2019-11-12T14:00:00Z
disneyjuniorpedia.fandom.com,383451,2019-11-12T14:00:00Z
television.fandom.com,6589,2019-11-12T14:00:00Z
star.fandom.com,1504469,2019-11-12T14:00:00Z
charmed.fandom.com,44270,2019-11-12T14:00:00Z
almost-a-hero.fandom.com,1546574,2019-11-12T14:00:00Z
mightymed.fandom.com,671280,2019-11-12T14:00:00Z
book-of-mario.fandom.com,1863455,2019-11-12T14:00:00Z
omen.fandom.com,170102,2019-11-12T14:00:00Z
disneychannel.fandom.com,7540,2019-11-12T14:00:00Z
avatarserv.fandom.com,1635585,2019-11-12T14:00:00Z
fnv.fandom.com,1769139,2019-11-12T14:00:00Z
assassinscreed.fandom.com,89404,2019-11-12T14:00:00Z
teen-wolf-mtv.fandom.com,1218530,2019-11-12T14:00:00Z
shield-hero.fandom.com,1587710,2019-11-12T14:00:00Z
agario.fandom.com,1179228,2019-11-12T14:00:00Z
bejeweled.fandom.com,8392,2019-11-12T14:00:00Z
domv.fandom.com,1490234,2019-11-12T14:00:00Z
deadlywomen.fandom.com,881301,2019-11-12T14:00:00Z
coheed.fandom.com,13283,2019-11-12T14:00:00Z
slitherio.fandom.com,1380337,2019-11-12T14:00:00Z
die-hard-scenario.fandom.com,800221,2019-11-12T14:00:00Z
antfarm.fandom.com,215598,2019-11-12T14:00:00Z
sacred.fandom.com,565410,2019-11-12T14:00:00Z
littlewomen.fandom.com,528453,2019-11-12T14:00:00Z
uncharted.fandom.com,586176,2019-11-12T14:00:00Z
grotter-buslaev.fandom.com,203831,2019-11-12T14:00:00Z
heavenly-star.fandom.com,1496604,2019-11-12T14:00:00Z
factorio.fandom.com,761681,2019-11-12T14:00:00Z
thenannytv.fandom.com,52160,2019-11-12T14:00:00Z
mynameisearl.fandom.com,5173,2019-11-12T14:00:00Z
v.fandom.com,14273,2019-11-12T14:00:00Z
outlawstar.fandom.com,229830,2019-11-12T14:00:00Z
djangounchained.fandom.com,518430,2019-11-12T14:00:00Z
newermario.fandom.com,452210,2019-11-12T14:00:00Z
escapefromtarkov.fandom.com,1658165,2019-11-12T14:00:00Z
dishonored.fandom.com,1362194,2019-11-12T14:00:00Z
greektv.fandom.com,4477,2019-11-12T14:00:00Z
ned.fandom.com,14925,2019-11-12T14:00:00Z
kingdom-hearts-unlimited.fandom.com,817853,2019-11-12T14:00:00Z
crypt-tv.fandom.com,1793330,2019-11-12T14:00:00Z
thatssoraven.fandom.com,3401,2019-11-12T14:00:00Z
stoked.fandom.com,24104,2019-11-12T14:00:00Z
sherlocked.fandom.com,847198,2019-11-12T14:00:00Z
shadowhunterstv.fandom.com,1737221,2019-11-12T14:00:00Z
granhermanotv.fandom.com,1541567,2019-11-12T14:00:00Z
reborn-oc.fandom.com,817751,2019-11-12T14:00:00Z
remothered.fandom.com,554708,2019-11-12T14:00:00Z
alias.fandom.com,1395,2019-11-12T14:00:00Z
fishhooks.fandom.com,69369,2019-11-12T14:00:00Z
sled.fandom.com,553121,2019-11-12T14:00:00Z
kndloschicosdelbarrio.fandom.com,399307,2019-11-12T14:00:00Z
afhv.fandom.com,158328,2019-11-12T14:00:00Z
bulu-monster.fandom.com,937376,2019-11-12T14:00:00Z
condemned.fandom.com,5412,2019-11-12T14:00:00Z
asimov.fandom.com,63,2019-11-12T14:00:00Z
super-once-tv.fandom.com,169374,2019-11-12T14:00:00Z
shadowhunterstv.fandom.com,1617840,2019-11-12T14:00:00Z
dcuniverse-tv.fandom.com,2041172,2019-11-12T14:00:00Z
frozen.fandom.com,878740,2019-11-12T14:00:00Z
ink-master-tv.fandom.com,1074085,2019-11-12T14:00:00Z
broken-bones-iv.fandom.com,1881831,2019-11-12T14:00:00Z
taoc.fandom.com,2043287,2019-11-12T14:00:00Z
swallowed-star.fandom.com,1708073,2019-11-12T14:00:00Z
failyv.fandom.com,1651668,2019-11-12T14:00:00Z
minhero.fandom.com,793808,2019-11-12T14:00:00Z
phineasandferb.fandom.com,452879,2019-11-12T14:00:00Z
needforspeed.fandom.com,5310,2019-11-12T14:00:00Z
acquisitionsincorporated.fandom.com,1586711,2019-11-12T14:00:00Z
bewitched.fandom.com,35332,2019-11-12T14:00:00Z
kuplinov.fandom.com,1329966,2019-11-12T14:00:00Z
hitorijime-my-hero.fandom.com,1596108,2019-11-12T14:00:00Z
shadowhunterstv.fandom.com,1636373,2019-11-12T14:00:00Z
kickbuttowski.fandom.com,125558,2019-11-12T14:00:00Z
boondockstv.fandom.com,94789,2019-11-12T14:00:00Z
bossmonster.fandom.com,648088,2019-11-12T14:00:00Z
teenbeachmovie.fandom.com,613758,2019-11-12T14:00:00Z
star-wars-canon-extended.fandom.com,1288645,2019-11-12T14:00:00Z
disney-descendants.fandom.com,904306,2019-11-12T14:00:00Z
sony.fandom.com,1121876,2019-11-12T14:00:00Z
sao-abridged.fandom.com,1511484,2019-11-12T14:00:00Z
thepurgetv.fandom.com,1806819,2019-11-12T14:00:00Z
changed.fandom.com,1749082,2019-11-12T14:00:00Z
onibusdorio.fandom.com,242021,2019-11-12T14:00:00Z
fatherted.fandom.com,7076,2019-11-12T14:00:00Z
overcooked.fandom.com,1433259,2019-11-12T14:00:00Z
digimon-unlimited.fandom.com,753881,2019-11-12T14:00:00Z
tkoc.fandom.com,205689,2019-11-12T14:00:00Z
alf.fandom.com,3653,2019-11-12T14:00:00Z
swampthingtv.fandom.com,1731669,2019-11-12T14:00:00Z
nickelodeon-movies.fandom.com,1555057,2019-11-12T14:00:00Z
wario.fandom.com,5391,2019-11-12T14:00:00Z
wicdiv.fandom.com,1118283,2019-11-12T14:00:00Z
