URL,title,category,pform,pform,pform,pform,gnre,sgnre,sgnre,esrb,sex,media,media,egnre,egnre,egnre,egnre,egnre,egnre,egnre,egnre,egnre,egnre,egnre,egnre,egnre,age,age,age
zootycoon.wikia.com,Zoo Tycoon,Gaming,PC,DS,,,Simulation,,,everyone
http://zombie.wikia.com/,zombie,Entertainment,,,,,,,,,,,Movie,SciFi,,,,,,Horror,Action
http://zoids.wikia.com/,zoids,Entertainment,,,,,,,,,,TV,,SciFi,,,Anime
zeldafanon.wikia.com/,zeldafanon,Gaming,nintendo,,,,,,,teen
zelda.wikia.com,Zelda,Gaming,Wii,DS,GameCube,,Action,Adventure,Platform,teen,,,,,,,,,,,,,,,,,Teen
http://zatchbell.wikia.com/,zatchbell,Entertainment
http://yuyuhakusho.wikia.com/,yuyuhakusho,Entertainment
yugioh.wikia.com,Yu-Gi-Oh,Gaming,PC,PSP,,,Strategy,Strategy,,everyone,M,,,,,,,,,,,,,,,,Teen,Yadult
http://yugioh.wikia.com/,yugioh,Entertainment,,,,,,,,,,TV,,,Fantasy,,Anime
http://yinyangyo.wikia.com/,yinyangyo,Entertainment,,,,,,,,,,TV,,,Fantasy,,Anime,,,,Action
http://x-men.wikia.com/,xmen,Entertainment,,,,,,,,,,TV,Movie,,,Comic,,,,,Action,,Adventure,Family
http://xiaolinshowdown.wikia.com/,xiaolinshowdown,Entertainment,,,,,,,,,,TV,,,Fantasy,,Anime,,,,Action
http://x-files.wikia.com/,X-files,Entertainment,,,,,,,,,,TV,Movie,SciFi,,,,Drama,,,Action,,,,,Mystery
http://wuxia.wikia.com/,wuxia,Entertainment
wowwiki.com,World of Warcraft,Gaming,PC,,,,RPG,MMO,,teen,M,,,,,,,,,,,,,,,,Teen,Yadult
http://woodstock.wikia.com/,woodstock,Entertainment
http://wonderwoman.wikia.com/,wonderwoman,Entertainment,,,,,,,,,,TV,,,,Comic,,,,,Action
http://wizardsofwaverlyplace.wikia.com/,wizardsofwaverlyplace,Entertainment,,,,,,,,,,TV,,,Fantasy,,,,Sitcom,,,Comedy,,Family
witcher.wikia.com,Witcher,Gaming,PC,,,,Action,Adventure,RPG,mature,M,,,,,,,,,,,,,,,,Teen,Yadult
http://wikiaskew.wikia.com/,wikiaskew,Entertainment
http://www.wikiality.com/,wikiality,Entertainment,,,,,,,,,,TV,,,,,,,Sitcom,,,Comedy
http://wii.wikia.com/,wii,Gaming,nintendo
whitewolf.wikia.com,WhiteWolf,Gaming,PC,,,,RPG,,,,,,,,,,,,,,,,,,,,Teen,Yadult
http://westwing.wikia.com/,Westwing,Entertainment,,,,,,,,,,TV,,,,,,Drama
http://weirdal.wikia.com/,weirdal,Entertainment
http://wazoo.wikia.com/,wazoopedia,Entertainment
http://watchmen.wikia.com/,Watchmen,Entertainment,,,,,,,,,,,Movie,,Fantasy,Comic,,,,,Action,,,,,Mystery
warriors.wikia.com,Warriors,Entertainment,,,,,,,,,,,,,Fantasy,,,,,,,,,Family,,,Kids,Teen
warhammer40k.wikia.com,warhammer40k,Gaming,PC,,,,RTS,,,mature
warhammeronline.wikia.com,warhammer,Gaming,PC,,,,RTS,,,teen,M,,,,,,,,,,,,,,,,Teen,Yadult
http://wallaceandgromit.wikia.com/,wallaceandgromit,Entertainment
http://waldo.wikia.com/,waldo,Entertainment,,,,,,,,,,TV,,,,Comic,,,,,,,,Family
http://vocaloid.wikia.com/,vocaloid,Entertainment
http://visualkei.wikia.com/,visualkei,Entertainment
http://villains.wikia.com/,villains,Entertainment,,,,,,,,,,,Movie,SciFi,Fantasy
http://vampireknight.wikia.com/,vampireknight,Entertainment
http://usflexicon.wikia.com/,usflexicon,Entertainment
http://unmario.wikia.com/,unmario,Gaming,nintendo,,,,,,,Everyone
http://uglybetty.wikia.com/,uglybetty,Entertainment,,,,,,,,,,TV,,,,,,,,,,Comedy
http://twohalfmen.wikia.com/,twohalfmen,Entertainment,,,,,,,,,,TV,,,,,,,Sitcom,,,Comedy
twewy.wikia.com,twewy,Gaming,DS,,,,Action,RPG
http://tv.wikia.com/,TV Portal,Entertainment,,,,,,,,,,TV
http://tugs.wikia.com/,tugs,Entertainment,,,,,,,,,,TV,,,Fantasy,,,,,,,,,Family
http://tron.wikia.com/,tron,Entertainment,,,,,,,,,,,Movie,SciFi,Fantasy,,,,,,Action
http://tremors.wikia.com/,tremors,Entertainment
transformers.wikia.com,Transformers,Gaming,PC,PS2,,,Action,Action,,teen,M,,,,,,,,,,,,,,,,Teen,Yadult
http://transformers.wikia.com/,Transformers,Entertainment,,,,,,,,,,TV,Movie,SciFi,,Comic,,,,,Action,,,Family,,,,Yadult
http://transfanon.wikia.com/,transfanon,Entertainment,,,,,,,,,,,Movie,,,Comic
http://totaldramaisland.wikia.com/,totaldramaisland,Entertainment,,,,,,,,,,TV,,,,Comic,,,Sitcom,,,Comedy,,Family
http://top10.wikia.com/,top10,Entertainment,,,,,,,,,,TV
toohuman.wikia.com,toohuman,Gaming,xbox360,,,,RPG,,,tenn,M,,,,,,,,,,,,,,,,Teen,Yadult
http://tomclancy.wikia.com/,tomclancy,Entertainment,,,,,,,,,,,Movie,,,,,,,,Action,,Adventure
http://tomandjerry.wikia.com/,tomandjerry,Entertainment,,,,,,,,,,TV,,,,Comic,,,,,,,,Family
http://timesplitters.wikia.com/,timesplitters,Gaming,PS2,,,,FPS
http://timanderic.wikia.com/,timanderic,Entertainment
tibia.wikia.com,Tibia,Gaming,PC,,,,RPG,MMO,,,,,,,,,,,,,,,,,,,Teen,Yadult
http://thundercats.wikia.com/,thundercats,Entertainment,,,,,,,,,,TV
http://ttte.wikia.com/,Thomas The Tank Engine,Entertainment,,,,,,,,,,TV,,,Fantasy,Comic,,,,,,,,Family,,,Teen
http://thewaltons.wikia.com/,thewaltons,Entertainment,,,,,,,,,,TV,,,,,,,,,,,,Family
http://theunit.wikia.com/,theunit,Entertainment,,,,,,,,,,TV,,,,,,,,,Action,,Adventure
http://thetribe.wikia.com/,thetribe,Entertainment,,,,,,,,,,TV,,,,,,Drama
http://thesithcouncil.wikia.com/,thesithcouncil,Entertainment
http://theshield.wikia.com/,theshield,Entertainment,,,,,,,,,,TV
http://thephantom.wikia.com/,thephantom,Entertainment
http://theodoretugboat.wikia.com/,theodoretugboat,Entertainment
http://theflash.wikia.com/,theflash,Entertainment
http://thebill.wikia.com/,thebill,Entertainment,,,,,,,,,,TV,,,,,,Drama,,,,,,,Crime
http://theatre.wikia.com/,theatre,Entertainment
witcher.wikia.com,The Witcher,Gaming,PC,,,,RPG,,,mature
http://thewire.wikia.com/,The Wire,Entertainment,,,,,,,,,,TV,,,,,,Drama,,,,,,,Crime,Mystery
http://theoffice.wikia.com/,The Office,Entertainment,,,,,,,,,,TV,,,,,,,Sitcom,,,Comedy
http://thatssoraven.wikia.com/,thatssoraven,Entertainment,,,,,,,,,,TV,,,Fantasy,,,,,,,Comedy,,Family
http://that70sshow.wikia.com/,that70sshow,Entertainment,,,,,,,,,,TV,,,,,,,Sitcom,,,Comedy
http://terminator.wikia.com/,Terminator,Entertainment,,,,,,,,,M,TV,Movie,SciFi,,,,,,,Action,,Adventure,,,,Teen,Yadult
http://tenchi.wikia.com/,tenchi,Entertainment
http://templarsoftwilight.wikia.com/,templarsoftwilight,Entertainment
http://teentitans.wikia.com/,teentitans,Entertainment
http://teenagerobot.wikia.com/,teenagerobot,Entertainment
http://tmnt.wikia.com/,Teenage Mutant Ninja Turtles,Entertainment,,,,,,,,,,TV,Movie,,Fantasy,Comic,,,,,Action,,Adventure,Family
http://tamagotchi.wikia.com/,tamagotchi,Gaming,Wii,GBA,Mobile,,,,,everyone
aselia.wikia.com,Tales of,Gaming,All,,,,RPG
tabularasa.wikia.com,Tabula Rasa,Gaming,PC,,,,RPG,MMO,,teen,M,,,,,,,,,,,,,,,,Teen,Yadult
http://swmerchandise.wikia.com/,swmerchandise,Entertainment,,,,,,,,,,,Movie,SciFi
swfanon.wikia.com,swfanon,Gaming,PC,,,,,,,everyone
http://survivor.wikia.com/,survivor,Entertainment,,,,,,,,,,TV,,,,,,,,,Action
supcom.wikia.com,Supreme Commander,Gaming,PC,,,,Strategy,RTS,,e10
http://supernatural.wikia.com/,Supernatural,Entertainment,,,,,,,,,,TV,,,Fantasy,,,Drama
http://superman.wikia.com/,Superman,Entertainment,,,,,,,,,,,Movie,,Fantasy,Comic,,,,,Action,,Adventure,Family
http://superheroes.wikia.com/,superheroes,Entertainment
http://superfriends.wikia.com/,superfriends,Entertainment
super-smash-bros.wikia.com,Super Smash Brothers,Gaming,Wii,Gamecube,,,Fighting,Fighting,,teen,,,,,,,,,,,,,,,,,Teen
http://sunrisesunset.wikia.com/,sunrisesunset,Entertainment
http://suitelife.wikia.com/,suitelife,Entertainment
http://suikoden.wikia.com/,suikoden,Gaming,PC,,,,F2P,,,everyone
streetfighter.wikia.com,Street Fighter,Gaming,PC,PS3,xbox360,,Fighting,,,everyone,M,,,,,,,,,,,,,,,,Teen,Yadult
http://stormhawks.wikia.com/,stormhawks,Entertainment
http://stephaniebrown.wikia.com/,stephaniebrown,Entertainment,,,,,,,,,,TV,,,,Comic
http://starwarsphotonovels.wikia.com/,starwarsphotonovels,Entertainment,,,,,,,,,,,Movie,SciFi
http://starshiptroopers.wikia.com/,starshiptroopers,Entertainment,,,,,,,,,,,Movie,SciFi,,,,,,,Action,,Adventure
stargate.wikia.com,Stargate,Gaming,PC,,,,RPG,Action,,teen,M,,,,,,,,,,,,,,,,Teen,Yadult
http://stargate.wikia.com/,Stargate,Entertainment,,,,,,,,,,TV,,SciFi,,,,,,,Action
swgames.wikia.com,Star Wars Games,Gaming,All,,,,Action,Adventure,Platform,everyone,M,,,,,,,,,,,,,,,,Kids,Teen
swg.wikia.com,Star Wars Galaxies,Gaming,PC,,,,RPG,MMO,,teen,M,,,,,,,,,,,,,,,,Teen
http://swfanon.wikia.com/,Star Wars Fan Site,Entertainment,,,,,,,,,,,Movie,SciFi,,,,,,,,,,,,,Teen
starwars.wikia.com,Star Wars,Gaming,All,,,,Adventure,Action,,teen,M,,,,,,,,,,,,,,,,Teen,Yadult
http://starwars.wikia.com/,Star Wars,Entertainment,,,,,,,,everyone,,,Movie,SciFi
http://startrek.wikia.com/,Star Trek franchise properties,Entertainment,,,,,,,,,M,TV,Movie,SciFi,,,,,,,,,,,,,,Yadult
http://stexpanded.wikia.com/,Star Trek fan community,Entertainment,,,,,,,,,M,TV,,SciFi,,,,,,,,,,,,,Teen,Yadult,Adult
http://memory-alpha.org/en/,Star Trek - memory alpha,Entertainment,,,,,,,,,M,TV,Movie,SciFi
startrek.wikia.com,Star Trek,Gaming,PC,xbox360,,,Action,Strategy,,teen,M,,,,,,,,,,,,,,,,,,Adult
starfox.wikia.com,Star Fox,Gaming,Wii,DS,,,Action,Adventure,,everyone
starcraft.wikia.com,Star Craft,Gaming,PC,,,,Strategy,Sim,,teen,M,,,,,,,,,,,,,,,,Teen,Yadult
http://squidbillies.wikia.com/,squidbillies,Entertainment
spore.wikia.com,Spore,Gaming,PC,,,,Simulation,BuildingSim,,everyone,M,,,,,,,,,,,,,,,,Teen
http://spongebob.wikia.com/,Spongebob,Entertainment,,,,,,,,,,TV,Movie,,,Comic,,,,,,Comedy,,Family,,,Kids,Teen
http://spiderriders.wikia.com/,spiderriders,Entertainment
http://spiderman.wikia.com/,spiderman,Entertainment,,,,,,,,,,,Movie,,Fantasy,Comic,,,,,Action,,Adventure,Family
http://speedracer.wikia.com/,speedracer,Entertainment,,,,,,,,,,TV,Movie,,Fantasy,Comic,,,,,Action,,Adventure,Family
http://spawn.wikia.com/,spawn,Entertainment,,,,,,,,,,,Movie
http://southparkfanon.wikia.com/,southparkfanon,Entertainment,,,,,,,,,,TV,,,,Comic,,,,,,Comedy,,Family
http://southpark.wikia.com/,Southpark,Entertainment,,,,,,,,,,TV,Movie,,,Comic,,,Sitcom,,,Comedy,,Family
http://souleater.wikia.com/,souleater,Entertainment
soulcalibur.wikia.com,soulcalibur,Gaming,xbox360,PS3,GameCube,,Fighting,,,Teen,M,,,,,,,,,,,,,,,,Teen,Yadult
http://sopranos.wikia.com/,sopranos,Entertainment,,,,,,,,,,TV,,,,,,,Sitcom,,,,,,Crime
sonic.wikia.com,sonic,Gaming,Wii,DS,PS3,,Action,Adventure,RPG,Everyone,,,,,,,,,,,,,,,,,Kids,Teen
http://soldat.wikia.com/,soldat,Gaming,PC,,,,F2P
http://snl.wikia.com/,snl,Entertainment,,,,,,,,,,TV,,,,,,,Sitcom,,,Comedy
snk.wikia.com,snk,Gaming,PC,,,,,,,teen
http://smallville.wikia.com/,Smallville,Entertainment,,,,,,,,,,TV,,,Fantasy,,,,,,Action,,,Family,,,Teen,Yadult
http://sitcom.wikia.com/,sitcom,Entertainment,,,,,,,,,,,,,,,,,Sitcom
http://sincity.wikia.com/,sincity,Entertainment
sims.wikia.com,sims,Gaming,PC,,,,Simulation,,,Everyone,,,,,,,,,,,,,,,,,Teen
http://simpsons.wikia.com/,Simpsons,Entertainment,,,,,,,,,,TV,Movie,,,Comic,,,Sitcom,,,Comedy,,Family,,,Teen,Yadult
http://silkroadonline.wikia.com/,silkroad,Gaming,PC,,,,F2P,MMO
silent.wikia.com,Silent Hill,Gaming,PS3,PS2,,,Action,Adventure,Horror,Mature
http://shrek.wikia.com/,shrek,Entertainment,,,,,,,,,,,Movie,,,Comic,,,,,,,,Family
http://shortland.wikia.com/,shortland,Entertainment
http://shaiya.wikia.com/,shaiya,Gaming,PC,,,,F2P,MMO
http://seuss.wikia.com/,seuss,Entertainment,,,,,,,,,,TV,,,,Comic,,,,,,,,Family
http://senatorbicycle.wikia.com/,senatorbicycle,Entertainment
http://seinfeld.wikia.com/,seinfeld,Entertainment,,,,,,,,,,TV,,,,,,,Sitcom,,,Comedy
http://secondlife.wikia.com/,secondlife,Gaming,PC,,,,F2P,MMO
http://sealonline.wikia.com/,sealonline,Gaming,PC,,,,F2P,MMO,,teen,,,,,,,,,,,,,,,,,Teen,Yadult
http://scrubs.wikia.com/,Scrubs,Entertainment,,,,,,,,,,TV,,,,,,,Sitcom,,,Comedy
http://scoobydoo.wikia.com/,scoobydoo,Entertainment,,,,,,,,,,TV,,,,Comic,,,,,,Comedy
http://scifiontv.wikia.com/,scifiontv,Entertainment
http://scifi.wikia.com/,scifi,Entertainment,,,,,,,,,,TV,Movie,SciFi
http://sawfilms.wikia.com/,sawfilms,Entertainment
http://sailormoon.wikia.com/,sailormoon,Entertainment,,,,,,,,,,TV,,SciFi,,,Anime,,,,,,Adventure,Family
http://rvb.wikia.com/,rvb,Entertainment,,,,,,,,,,TV,,SciFi,,,,,,,Action
runescape.wikia.com,Runescape,Gaming,PC,,,,RPG,MMO,,,,,,,,,,,,,,,,,,,Kids,Teen
http://rugrats.wikia.com/,rugrats,Entertainment,,,,,,,,,,TV
http://roseanne.wikia.com/,roseanne,Entertainment,,,,,,,,,,TV
http://roninwarriors.wikia.com/,roninwarriors,Entertainment
http://Rocky.wikia.com/,Rocky,Entertainment,,,,,,,,,,,Movie,,,,,,,,Action
http://robotwars.wikia.com/,robotwars,Entertainment
http://rmcs.wikia.com/,rmcs,Entertainment
http://riddick.wikia.com/,riddick,Entertainment,,,,,,,,,,,Movie,SciFi,,,,,,Horror,Action,,Adventure
residentevil.wikia.com,Resident Evil,Gaming,PC,Wii,xbox360,PS2,Action,Adventure,FPS,mature,M,,,,,,,,,,,,,,,,Teen,Yadult
redwall.wikia.com,Redwall,,,,,,,,,,,TV,,,Fantasy,,,,,,,,,Family,,,Teen
http://reddwarf.wikia.com/,reddwarf,Entertainment
http://reborn.wikia.com/,reborn,Entertainment
http://reboot.wikia.com/,reboot,Entertainment,,,,,,,,,M,TV,,SciFi,,Comic,,,,,Action,,,Family,,,Teen,Yadult
http://reaper.wikia.com/,Reaper,Entertainment,,,,,,,,,,TV,,SciFi,,,,Drama,,Horror,Action,Comedy
http://readordie.wikia.com/,readordie,Entertainment,,,,,,,,,,TV,,,Fantasy,,Anime
http://raymond.wikia.com/,raymond,Entertainment
ratchet.wikia.com,Ratchet & Clank,Gaming,PS3,PSP,,,Action,Action,Platform,teen,,,,,,,,,,,,,,,,,Teen
http://rappelz.wikia.com/,rappelz,Gaming,PC,,,,F2P,MMO
http://ranma.wikia.com/,ranma,Entertainment
http://rakion.wikia.com/,Rakion,Gaming,PC,,,,F2P,MMO
http://ragnarok2.wikia.com/,Ragnarok 2,Gaming,PC,,,,F2P,MMO
http://quantumleap.wikia.com/,quantumleap,Entertainment
http://pushingdaisies.wikia.com/,Pushing Daisies,Entertainment,,,,,,,,,,TV,,,Fantasy,,,Drama,,,,Comedy,,,Crime,Mystery
http://puppet.wikia.com/,puppet,Entertainment,,,,,,,,,,TV,,,,Comic,,,,,,Comedy,,Family
http://projektdream.wikia.com/,projektdream,Entertainment
http://projectrunway.wikia.com/,projectrunway,Entertainment,,,,,,,,,,TV
http://prisonbreak.wikia.com/,Prison Break,Entertainment,,,,,,,,,,TV,,,,,,Drama,,,Action,,Adventure,,Crime
enprinceofpersia.wikia.com,Prince of Persia,Gaming,PC,PS3,Wii,DS,Action,Adventure
http://primeval.wikia.com/,primeval,Entertainment,,,,,,,,,,TV,,SciFi,,,,Drama,,,,,Adventure
http://powerrangers.wikia.com/,powerrangers,Entertainment,,,,,,,,,,TV,,SciFi,,,,,,,Action,,,Family,,,Yadult
http://powerpuff.wikia.com/,powerpuff,Entertainment,,,,,,,,,,TV,,,Fantasy,Comic,,,,,,,,Family
powerrangers.wikia.com,Power Rangers,Gaming,PS2,,,,Action,Adventure,,e10,,,,,,,,,,,,,,,,,Teen
potbs.wikia.com,potbs,Gaming,PC,,,,MMO,,,teen,M,,,,,,,,,,,,,,,,Teen,Yadult
http://popeye.wikia.com/,popeye,Entertainment,,,,,,,,,,TV,Movie,,,Comic,,,,,,,,Family
http://pokemonfanon.wikia.com/,pokemonfanon,Entertainment,,,,,,,,,,TV,,,Fantasy,,Anime
pokemon.wikia.com,Pokemon,Gaming,Wii,DS,GameCube,,Adventure,Platform,,everyone
http://planetoftheapes.wikia.com/,planetoftheapes,Entertainment,,,,,,,,,,TV,,,Fantasy,,,,,,Action
http://pixar.wikia.com/,pixar,Entertainment,,,,,,,,,,,Movie,SciFi,Fantasy,Comic,,,,,,Comedy,Adventure,Family
pirates.wikia.com,Pirates of the Caribbean,Gaming,PC,,,,RPG,Adventure,,teen,,,,,,,,,,,,,,,,,Teen
http://pirates.wikia.com/,Pirates of Carribean,Entertainment,,,,,,,,,,,Movie,,Fantasy,,,,,,Action,,Adventure,Family
pikmin.wikia.com,pikmin,Gaming,Wii,,,,Strategy,,,everyone,,,,,,,,,,,,,,,,,Kids,Teen
http://phineasandferb.wikia.com/,phineasandferb,Entertainment
http://peterjackson.wikia.com/,peterjackson,Entertainment
http://perfectworld.wikia.com/,perfectworld,Gaming,PC,,,,F2P,MMO
http://peanuts.wikia.com/,peanuts,Entertainment,,,,,,,,,,TV,,,,Comic,,,,,,,,Family
http://papermario.wikia.com/,papermario,Gaming,nintendo,,,,Action,Adventure,Platform,everyone
http://oz.wikia.com/,oz,Entertainment,,,,,,,,,,,Movie,,Fantasy,,,,,,,Comedy,Adventure,Family
http://oots.wikia.com/,oots,Entertainment
http://onetreehill.wikia.com/,onetreehill,Entertainment
http://onepiece.wikia.com/,onepiece,Entertainment,,,,,,,,,M,TV,,,Fantasy,,Anime,,,,,,,,,,Teen,Yadult
http://ohmygoddess.wikia.com/,ohmygoddess,Entertainment
ogame.wikia.com,ogame,Gaming,PC,,,,,,,,M,,,,,,,,,,,,,,,,Teen,Yadult
http://oc.wikia.com/,oc,Entertainment,,,,,,,,,,TV,,,,,,Drama,,,,,,Family
oblivion.wikia.com,oblivion,Gaming,PC,xbox360,PS3,,RPG,Adventure,,Mature,M,,,,,,,,,,,,,,,,Teen,Yadult
http://niptuck.wikia.com/,niptuck,Entertainment,,,,,,,,,,TV
nintendo.wikia.com,Nintendo,Gaming,Wii,nintendo,,,,,,,,,,,,,,,,,,,,,,,Kids,Teen
http://nightlife.wikia.com/,nightlife,Entertainment
http://nickelodeon.wikia.com/,nickelodeon,Entertainment,,,,,,,,,,TV,,,,Comic,,,,,,Comedy,,Family
nwn2.wikia.com,Neverwinter Nights 2,Gaming,PC,,,,RPG,RPG,,teen,M,,,,,,,,,,,,,,,,Teen,Yadult
nwn.wikia.com,Neverwinter Nights,Gaming,PC,,,,RPG,RPG,,teen,M,,,,,,,,,,,,,,,,Teen,Yadult
nethack.wikia.com,NetHack,Gaming,PC,,,,RPG,,,,M,,,,,,,,,,,,,,,,Teen,Yadult
http://ncis.wikia.com/,ncis,Entertainment,,,,,,,,,,TV,,,,,,Drama,,,,,,,,Mystery
http://nationaltreasure.wikia.com/,nationaltreasure,Entertainment,,,,,,,,,,,Movie,,,,,,,,Action,,Adventure
http://narutoworld.wikia.com/,narutoworld,Entertainment
http://narutofanon.wikia.com/,narutofanon,Entertainment,,,,,,,,,,TV,,,Fantasy,,Anime
naruto.wikia.com,Naruto,Gaming,All,,,,Action,Fighting,,teen,,,,,,,,,,,,,,,,,Teen,Yadult
http://naruto.wikia.com/,naruto,Entertainment,,,,,,,,,,TV,,,Fantasy,,Anime
http://narnia.wikia.com/,narnia,Entertainment,,,,,,,,,,,Movie,,Fantasy,,,,,,Action,,,Family
http://mythos.wikia.com/,mythos,Gaming,PC,,,,F2P,Discontinued
http://mst3k.wikia.com/,Mystery Science Theather 3000,Entertainment,,,,,,,,,,TV,,SciFi,,,,,,,,Comedy,,Family
http://mysocalledlife.wikia.com/,mysocalledlife,Entertainment,,,,,,,,,,TV
http://mynameisearl.wikia.com/,mynameisearl,Entertainment,,,,,,,,,,TV
http://murdershewrote.wikia.com/,murdershewrote,Entertainment,,,,,,,,,,,,,,,,,,,,,,,,Mystery
http://muppet.wikia.com/,muppet,Entertainment,,,,,,,,,,TV,Movie,,,Comic,,,,,,Comedy,,Family,,,Yadult,Adult
http://mummy.wikia.com/,mummy,Entertainment,,,,,,,,,,,Movie,,Fantasy,,,,,Horror,Action,,Adventure
http://montypython.wikia.com/,montypython,Entertainment,,,,,,,,,,TV,Movie,,,,,,,,,Comedy
monsterhunter.wikia.com,Monster Hunter,Gaming,PSP,PS2,,,Action,Adventure,,teen,M,,,,,,,,,,,,,,,,Teen,Yadult
http://monk.wikia.com/,monk,Entertainment,,,,,,,,,,TV,,,,,,,,,,Comedy,,,Crime
http://models.wikia.com/,models,Entertainment
http://missionimpossible.wikia.com/,missionimpossible,Entertainment,,,,,,,,,,,Movie,,,,,,,,Action,,Adventure
http://mirmo.wikia.com/,mirmo,Entertainment
http://mightyboosh.wikia.com/,mightyboosh,Entertainment
http://middleman.wikia.com/,middleman,Entertainment
http://microheroes.wikia.com/,microheroes,Entertainment,,,,,,,,,,TV,Movie,SciFi,,Comic
http://mfg.wikia.com/,mfg,Entertainment
metroid.wikia.com,Metroid,Gaming,Wii,DS,GameCube,,Action,Adventure,FPS,teen,M,,,,,,,,,,,,,,,,Teen
http://metalocalypse.wikia.com/,metalocalypse,Entertainment
metalgear.wikia.com,Metal Gear Solid,Gaming,PS3,PS2,PSP,,Action,Strategy,,mature,M,,,,,,,,,,,,,,,,Teen,Yadult
http://memory-gamma.wikia.com/,memory_gamma,Entertainment,,,,,,,,,,TV,Movie,SciFi
megaman.wikia.com,Mega Man,Gaming,Wii,xbox360,PS3,PSP,Action,Adventure,Platform,everyone,M,,,,,,,,,,,,,,,,Teen,Yadult
http://mecha.wikia.com/,mecha,Entertainment
mcleodgaming.wikia.com,mcleodgaming,Gaming,PC
http://matrix.wikia.com/,Matrix Films,Entertainment,,,,,,,,,,,Movie,SciFi,,,,,,,Action,,Adventure
masseffect.wikia.com,Mass Effect,Gaming,PC,xbox360,,,RPG,,,mature,M,,,,,,,,,,,,,,,,Teen,Yadult
http://mash.wikia.com/,mash,Entertainment,,,,,,,,,,,,,,,,,,,,Comedy
http://Marvelcomicsfanon.wikia.com/,Marvelcomicsfanon,Entertainment,,,,,,,,,,,Movie,,,Comic
http://marvelanimated.wikia.com/,marvelanimated,Entertainment,,,,,,,,,,TV,,,,Comic,,,,,Action,,Adventure,Family
http://marvel-movies.wikia.com/,Marvel Movies,Entertainment,,,,,,,,,,,Movie,,Fantasy,Comic,,,,,Action,,Adventure,Family
http://marvel.wikia.com/,Marvel comic,Entertainment,,,,,,,,,,,Movie,,Fantasy,Comic,,,,,Action,,,Family,,,Kids,Teen
http://marioparty.wikia.com/,marioparty,Gaming,Wii,DS,GameCube,,Puzzle,Adventure,,Everyone
http://mariokart.wikia.com/,mariokart,Gaming,Wii,DS,GameCube,,Racing,Adventure,,Everyone
http://mario.wikia.com/,mario,Gaming,Wii,DS,GameCube,,Action,Adventure,Platform,Everyone
http://mar.wikia.com/,mar,Entertainment
http://maplestory.wikia.com/,maplestory,Gaming,PC,,,,F2P,MMO,RPG,e10
http://manga.wikia.com/,manga,Entertainment,,,,,,,,,,TV,,,Fantasy,,Anime
http://malf.wikia.com/,malf (Star Trek humor),Entertainment,,,,,,,,,,TV,Movie,SciFi
http://negima.wikia.com/,mahousenseinegima,Entertainment
http://macgyver.wikia.com/,macgyver,Entertainment,,,,,,,,,,TV,,,,,,,,,Action
http://lucilleball.wikia.com/,lucilleball,Entertainment
http://ltradio.wikia.com/,ltradio,Entertainment
http://lovehina.wikia.com/,lovehina,Entertainment
http://Lotrfanon.wikia.com/,Lotrfanon,Entertainment,,,,,,,,,,,,,,Comic,,,,,,,,Family
lostodyssey.wikia.com,lostodyssey,Gaming,xbox360,,,,RPG,,,,M,,,,,,,,,,,,,,,,Teen,Yadult
lost.wikia.com,Lost,Gaming,xbox360,Mobile,,,Adventure,Adventure,,teen,,,,,,,,,,,,,,,,,Yadult,Adult
http://lost.wikia.com/,Lost,Entertainment,,,,,,,,,,TV,,SciFi,,,,Drama,,,Action,,,,,Mystery
lotr.wikia.com,Lord of the Rings,Gaming,PC,xbox360,,,MMO,RPG,Action,teen
http://lotr.wikia.com/,Lord of The Rings,Entertainment,,,,,,,,,,,Movie,,Fantasy,,,,,,Action,,Adventure,Family,,,Teen
http://looneytunes.wikia.com/,looneytunes,Entertainment,,,,,,,,,,TV,,,,Comic,,,,,,Comedy,,Family
http://livingdead.wikia.com/,livingdead,Entertainment
http://littlehouse.wikia.com/,littlehouse,Entertainment,,,,,,,,,,TV,,,,,,Drama,,,,,,Family
http://lionking.wikia.com/,lionking,Entertainment
legostarwars.wikia.com,Lego Starwars,Gaming,PC,xbox360,DS,PS2,,,,e10
Legoindianajones.wikia.com,Lego Indiana Jones,Gaming,PC,xbox360,DS,Wii,,,,e10,,,,,,,,,,,,,,,,,Teen,Yadult
legobatman.wikia.com,Lego Batman,Gaming,PC,xbox360,DS,Wii,,,,e10
l5r.wikia.com,Legend of the 5 Rings,Gaming,,,,,RPG,,,,,,,,,,,,,,,,,,,,Teen,Yadult
http://lawandorder.wikia.com/,Law and Order,Entertainment,,,,,,,,,,TV,,,,,,Drama,,,Action,,,,Crime,Mystery
http://landbeforetime.wikia.com/,landbeforetime,Entertainment,,,,,,,,,,,Movie,,Fantasy,Comic,,,,,,,,Family
http://Kylexy.wikia.com/,Kyle XY,Entertainment,,,,,,,,,,TV,,SciFi,,,,Drama,,,,,,Family,,Mystery
http://kungfupanda.wikia.com/,kungfupanda,Entertainment,,,,,,,,,,,Movie,,,Comic,,,,,,Comedy,,Family
http://kong.wikia.com/,kong,Entertainment
kirby.wikia.com,kirby,Gaming,DS,GBA,,,Adventure,Platform,,everyone,,,,,,,,,,,,,,,,,Kids,Teen
http://kinnikuman.wikia.com/,kinnikuman,Entertainment,,,,,,,,,,TV,,,Fantasy,,Anime
http://kingofthehill.wikia.com/,kingofthehill,Entertainment,,,,,,,,,,TV,,,,Comic,,,,,,Comedy,,Family
kingdomhearts.wikia.com,Kingdom Hearts,Gaming,PS2,PSP,DS,,Action,Adventure,RPG,e10,,,,,,,,,,,,,,,,,Teen
http://kimpossible.wikia.com/,kimpossible,Entertainment,,,,,,,,,,TV,,,,Comic,,,,,,,Adventure,Family
http://kidswb.wikia.com/,kidswb,Entertainment,,,,,,,,,,TV
http://knd.wikia.com/,Kids Next Door,Entertainment,,,,,,,,,,TV,,,Fantasy,Comic,,,,,,,,Family
http://keroro.wikia.com/,keroro,Entertainment,,,,,,,,,,TV,,,,,Anime,,,,,Comedy,,Family
http://kennyvsspenny.wikia.com/,kennyvsspenny,Entertainment
http://kanzaka.wikia.com/,kanzaka,Entertainment,,,,,,,,,,TV,,,Fantasy,,Anime
http://kaleidostar.wikia.com/,kaleidostar,Entertainment
http://jurassicpark.wikia.com/,Jurassic Park,Entertainment,,,,,,,,,,,Movie,SciFi,,,,,,,Action,,Adventure,Family
http://journeyman.wikia.com/,journeyman,Entertainment,,,,,,,,,,TV
http://jjba.wikia.com/,jjba,Entertainment,,,,,,,,,,TV,,,Fantasy,,Anime
http://jimrome.wikia.com/,jimrome,Entertainment
http://jimmyneutron.wikia.com/,jimmyneutron,Entertainment,,,,,,,,,,TV
http://jfc.wikia.com/,jfc,Entertainment,,,,,,,,,,TV
http://jedi.wikia.com/,jedi,Entertainment,,,,,,,,,,,Movie,SciFi
http://jaws.wikia.com/,jaws,Entertainment,,,,,,,,,,,Movie,,,,,,,Horror
http://jamesbond.wikia.com/,James Bond,Entertainment,,,,,,,,,,,Movie,,,,,,,,Action,,Adventure
jakanddaxter,Jak and Daxter,Gaming,PSP,PS2
http://jackiechanadventures.wikia.com/,jackiechanadventures,Entertainment
http://irwinallen.wikia.com/,irwinallen,Entertainment,,,,,,,,,,TV,,SciFi,,,,,,,,,Adventure,Family
http://irregularwebcomic.wikia.com/,irregularwebcomic,Entertainment
http://ironman.wikia.com/,ironman,Entertainment,,,,,,,,,,,Movie,,,Comic,,,,,Action,,Adventure
http://ippo.wikia.com/,ippo,Entertainment,,,,,,,,,,TV,,,,,Anime
http://inuyasha.wikia.com/,inuyasha,Entertainment,,,,,,,,,,,,,Fantasy,,Anime
http://inlivingcolor.wikia.com/,inlivingcolor,Entertainment,,,,,,,,,,TV,,,,,,,Sitcom,,,Comedy
inheritance.wikia.com,Inheritance,Entertainment,,,,,,,,,,,Movie,,Fantasy,,,,,,,,Adventure,Family,,,Kids,Teen
http://infractus.wikia.com/,infractus,Entertainment
http://indyfanfiction.wikia.com/,indyfanfiction,Entertainment
http://indianajones.wikia.com/,Indiana Jones,Entertainment,,,,,,,,,,TV,Movie,,,,,,,,Action,,Adventure
http://imdb.wikia.com/,imdb,Entertainment,,,,,,,,,,,Movie
http://imagecomics.wikia.com/,Image Comics,Entertainment,,,,,,,,,,,,SciFi,,Comic,,,,,Action,,,Family
http://ikariam.wikia.com/,ikariam,Gaming,PC,,,,F2P,MMO,,,M,,,,,,,,,,,,,,,,Teen,Yadult
http://icarly.wikia.com/,icarly,Entertainment
http://hulk.wikia.com/,hulk,Entertainment,,,,,,,,,,,Movie,,,Comic,,,,,Action,,Adventure
http://highschoolmusical.wikia.com/,hsm,Entertainment,,,,,,,,,,TV,Movie,,,,,Drama,,,,,,Family
http://house.wikia.com/,House,Entertainment,,,,,,,,,,TV,,,,,,Drama
http://horrormovies.wikia.com/,horrormovies,Entertainment,,,,,,,,,,,Movie,,,,,,,Horror
http://homemovies.wikia.com/,homemovies,Entertainment,,,,,,,,,,,Movie
http://hokuto.wikia.com/,hokuto,Entertainment
http://hh.wikia.com/,Hogans Heroes,Entertainment,,,,,,,,,,TV,,,,,,,Sitcom,,,Comedy
http://hlproject.wikia.com/,hlproject,Entertainment
http://highlander.wikia.com/,highlander,Entertainment,,,,,,,,,,,Movie,,,,,,,,Action,,Adventure
http://heroes.wikia.com/,Heroes,Entertainment,,,,,,,,,,TV,,SciFi,Fantasy,,,Drama,,,Action,,Adventure,,,Mystery
http://hercxena.wikia.com/,hercxena,Entertainment
http://heman.wikia.com/,heman,Entertainment
http://hellokittyonline.wikia.com/,hellokittyonline,Gaming,PC,,,,F2P,MMO,,Everyone
http://hellboy.wikia.com/,Hellboy,Entertainment,,,,,,,,,,,Movie,SciFi,,,,,,Horror,Action
http://harveybirdman.wikia.com/,harveybirdman,Entertainment
http://harrypotterfanon.wikia.com/,harrypotterfanon,Entertainment,,,,,,,,,,,Movie
http://harrypotter.wikia.com/,harrypotter,Entertainment,,,,,,,,,,,Movie,,Fantasy,,,,,,,,,Family,,,Teen
harrypotter.wikia.com,Harry Potter,Gaming,PC,PS3,PS2,,Adventure,Adventure,,e10
http://hardyboys.wikia.com/,hardyboys,Entertainment,,,,,,,,,,TV,,,,,,,,,,,Adventure,Family,,Mystery
http://happytreefriends.wikia.com/,happytreefriends,Entertainment,,,,,,,,,,TV,,,,Comic,,,,,,Comedy
http://hannahmontana.wikia.com/,hannahmontana,Entertainment,,,,,,,,,,TV,,,,,,,Sitcom,,,Comedy,,Family
http://hanakimi.wikia.com/,hanakimi,Entertainment
halo.wikia.com,Halo,Gaming,PC,xbox360,,,Action,FPS,,mature,,,,,,,,,,,,,,,,,Teen
halofanon.wikia.com,Halo,Gaming,PC,xbox360,,,Action,FPS,,mature
unhalo.wikia.com,Halo,Gaming,PC,xbox360,,,Action,Action,,mature
half-life.wikia.com,Half Life,Gaming,PC,xbox360,PS3,,Action,FPS,,mature,M,,,,,,,,,,,,,,,,Teen,Yadult
http://h2o.wikia.com/,h2o,Entertainment,,,,,,,,,,TV,,,,,,Drama,,,,,,Family
http://gunz.wikia.com/,gunz,Gaming,PC,,,,F2P,FPS
http://gundam.wikia.com/,gundam,Entertainment,,,,,,,,,M,TV,,SciFi,,,Anime,,,,Action,,,,,,Teen,Yadult
guitarhero.wikia.com,Guitar Hero,Gaming,PS3,xbox360,Wii,DS,Music,,,teen
guildwars.wikia.com,Guildwars,Gaming,PC,,,,MMO,,,teen,,,,,,,,,,,,,,,,,Kids,Adult
http://grimadventures.wikia.com/,grimadventures,Entertainment
http://greysanatomy.wikia.com/,greysanatomy,Entertainment,,,,,,,,,,TV,,,,,,Drama
http://greenlantern.wikia.com/,greenlantern,Entertainment,,,,,,,,,,TV,,,Fantasy,Comic
http://greenarrow.wikia.com/,greenarrow,Entertainment
gta.wikia.com,Grand Theft Auto,Gaming,PC,xbox360,PS3,,Action,FPS,,mature,M,,,,,,,,,,,,,,,,Teen,Yadult
http://gossipgirl.wikia.com/,gossipgirl,Entertainment,,,,,,,,,,TV,,,,,,Drama
http://gonagai.wikia.com/,gonagai,Entertainment
goldensun.wikia.com,Golden Sun,Gaming,GBA,,,,RPG,,,everyone
godzilla.wikia.com,Godzilla,Gaming,Wii,PS2,GBA,,Adventure,Action,,teen,,,,,,,,,,,,,,,,,Teen
http://godzilla.wikia.com/,Godzilla,Entertainment,,,,,,,,,,,Movie,,Fantasy,,,,,Horror
godofwar.wikia.com,godofwar,Gaming,PS3,PS2,,,Action,Adventure,,mature
http://godfather.wikia.com/,Godfather,Entertainment,,,,,,,,,,,Movie,,,,,Drama,,,Action,,,,Crime
http://girlgenius.wikia.com/,girlgenius,Entertainment,,,,,,,,,,TV,,SciFi,,Comic,,,,,,Comedy
http://ginga.wikia.com/,ginga,Entertainment
http://gilmoregirls.wikia.com/,gilmoregirls,Entertainment,,,,,,,,,,TV
http://gijoe.wikia.com/,gijoe,Entertainment,,,,,,,,,,TV,,,,Comic,,,,,Action,,,Family
http://Ghostrider.wikia.com/,Ghostrider,Entertainment,,,,,,,,,,,Movie,,,,,,,Horror,Action,,Adventure
http://ghostbusters.wikia.com/,ghostbusters,Entertainment,,,,,,,,,,,Movie,,,,,,,,Action,Comedy
http://getsmart.wikia.com/,getsmart,Entertainment,,,,,,,,,,TV,Movie,,,,,,,,Action,,Adventure
gearsofwar.wikia.com,Gears of War,Gaming,PC,xbox360,,,Action,FPS,,mature,M,,,,,,,,,,,,,,,,Teen,Yadult
http://gaycelebrities.wikia.com/,gaycelebrities,Entertainment
http://gateworldfleets.wikia.com/,gateworldfleets,Entertainment
http://gateworldcantina.wikia.com/,gateworldcantina,Entertainment
http://gargoyles.wikia.com/,gargoyles,Entertainment,,,,,,,,,,TV,,,Fantasy,Comic
http://garfield.wikia.com/,garfield,Entertainment,,,,,,,,,,TV,,,,Comic,,,,,,Comedy,,Family
http://gaogaigar.wikia.com/,gaogaigar,Entertainment,,,,,,,,,,TV,,SciFi,,,Anime,,,,Action
http://gantz.wikia.com/,gantz,Entertainment,,,,,,,,,,TV,,,Fantasy,,Anime
gaming.wikia.com,gaming,Gaming,All,,,,,,,,M,,,,,,,,,,,,,,,,Teen,Yadult
http://gameshows.wikia.com/,gameshows,Entertainment
http://galaxyangel.wikia.com/,galaxyangel,Entertainment,,,,,,,,,,TV,,SciFi,,,Anime
http://galactica.wikia.com/,galactica,Entertainment,,,,,,,,,,TV,,SciFi,,,,,,,Action,,Adventure
galciv.wikia.com,Galactic Civilations,Gaming,PC,,,,Strategy,Strategy,,e10
http://futurama.wikia.com/,Futurama,Entertainment,,,,,,,,,,TV,,SciFi,,Comic,,,Sitcom,,,Comedy
http://fury.wikia.com/,fury,Gaming,PC,,,,F2P,Discontinued,,teen
http://fullmoon.wikia.com/,fullmoon,Gaming,PC,,,,F2P,MMO
http://fullhouse.wikia.com/,fullhouse,Entertainment
http://fruitsbasket.wikia.com/,fruitsbasket,Entertainment
http://fringe.wikia.com/,fringe,Entertainment,,,,,,,,,,TV,,,,,,,,,Action,,Adventure,,Crime,Mystery
http://friends.wikia.com/,friends,Entertainment,,,,,,,,,,TV,,,,,,,Sitcom,,,Comedy
freeciv.wikia.com,Freeciv,Gaming,PC,,,,Strategy,Strategy,,,M,,,,,,,,,,,,,,,,Teen,Yadult,Adult
forgottenrealms.wikia.com,Forgotten Realms,Gaming,PC,,,,RPG,RPG,,everyone,M,,,,,,,,,,,,,,,,Teen,Yadult
http://foreverknight.wikia.com/,foreverknight,Entertainment,,,,,,,,,,TV,,,Fantasy,,,,,Horror,,,,,,Mystery
http://foolsandhorses.wikia.com/,foolsandhorses,Entertainment
folkloregame.wikia.com,Folk Lore,Gaming,PS3,,,,Action,RPG,,teen
http://foamy.wikia.com/,foamy,Entertainment,,,,,,,,,,TV,,,,Comic,,,,,,Comedy
http://fma.wikia.com/,fma,Entertainment,,,,,,,,,,TV,,SciFi,,,Anime,,,,Action
http://flyff.wikia.com/,flyff,Gaming,PC,,,,F2P,MMO
http://flashgordon.wikia.com/,flashgordon,Entertainment,,,,,,,,,,TV,Movie,SciFi,,,,,,,Action,,Adventure,Family
http://flapjack.wikia.com/,flapjack,Entertainment,,,,,,,,,,TV,,,Fantasy,Comic
http://firefly.wikia.com/,Firefly,Entertainment,,,,,,,,,,TV,,SciFi,,,,Drama,,,Action,,Adventure
fireemblem.wikia.com,fireemblem,Gaming,Wii,DS,,,Action,Adventure,RPG,eeryone
http://wiki.ffxiclopedia.org,Final Fantasy XI,Gaming,PC,,,,RPG,MMO,,teen,M,,,,,,,,,,,,,,,,,Adult
finalfantasy.wikia.com,Final Fantasy,Gaming,DS,PS2,PS3,PSP,RPG,RPG,,teen,M,,,,,,,,,,,,,,,,Teen,Yadult
http://filmmaker.wikia.com/,filmmaker,Entertainment,,,,,,,,,,,Movie
http://filmguide.wikia.com/,filmguide,Entertainment,,,,,,,,,,,Movie
http://fightingfoodons.wikia.com/,fightingfoodons,Entertainment
http://fhif.wikia.com/,fhif,Entertainment,,,,,,,,,,TV,,,,Comic,,,,,,,,Family
http://farscape.wikia.com/,Farscape,Entertainment,,,,,,,,,,TV,,SciFi,,,,Drama,,,Action,,Adventure
http://fargofilmmaking.wikia.com/,fargofilmmaking,Entertainment,,,,,,,,,,,Movie
http://fantendo.wikia.com/,fantendo,Gaming,nintendo
http://fanon.wikia.com/,fanon,Entertainment
http://fanfiction.wikia.com/,fanfiction,Entertainment
http://familychannel.wikia.com/,familychannel,Entertainment,,,,,,,,,,TV,,,,,,,,,,,,Family
familyguy.wikia.com,Family Guy,Gaming,PS2,PSP,,,Action,Adventure,,mature,,,,,,,,,,,,,,,,,Teen,Yadult
http://familyguy.wikia.com/,Family Guy,Entertainment,,,,,,,,,,TV,,,,Comic,,,Sitcom,,,Comedy,,Family
fallout.wikia.com,Fallout,Gaming,PC,xbox360,,,RPG,Adventure,FPS,mature,M,,,,,,,,,,,,,,,,Teen,Yadult
http://fairytail.wikia.com/,fairytail,Entertainment
http://fads.wikia.com/,fads,Entertainment
fable.wikia.com,fable,Gaming,xbox360,,,,RPG,,,mature,M,,,,,,,,,,,,,,,,Teen,Yadult
fzero.wikia.com,F Zero,Gaming,Wii,nintendo
http://eyeshield21.wikia.com/,eyeshield21,Entertainment
http://evildead.wikia.com/,evildead,Entertainment
eq2.wikia.com,EverQuest II,Gaming,PC,,,,RPG,RPG,,teen,M,,,,,,,,,,,,,,,,Teen,Yadult
http://evangelion.wikia.com/,evangelion,Entertainment
http://eurekaseven.wikia.com/,eurekaseven,Entertainment
http://eureka.wikia.com/,eureka,Entertainment,,,,,,,,,,TV,,SciFi,Fantasy
http://escaflowne.wikia.com/,escaflowne,Entertainment
http://entourage.wikia.com/,Entourage,Entertainment,,,,,,,,,,TV,,,,,,,Sitcom,,,Comedy
http://entertainment.wikia.com/,Entertainment Portal,Entertainment
http://scarface.wikia.com/,enscarface,Entertainment,,,,,,,,,,,,,,,,,,,Action,,,,Crime
http://knightrider.wikia.com/,enknightrider,Entertainment,,,,,,,,,,TV,,,,,,,,,Action,,Adventure
http://ghostintheshell.wikia.com/,enghostintheshell,Entertainment
http://fairlyoddparents.wikia.com/,enfairlyoddparents,Entertainment
http://bleach.wikia.com/,enbleach,Entertainment,,,,,,,,,,,,,Fantasy,,Anime
http://antm.wikia.com/,enantm,Entertainment
http://eiga.wikia.com/,eiga,Entertainment,,,,,,,,,,,Movie,,,,,Drama
http://ed.wikia.com/,Ed,Entertainment,,,,,,,,,,TV,,,,,,,Sitcom,,,Comedy
http://ec.wikia.com/,ec,Entertainment
http://dreamworks.wikia.com/,dreamworks,Entertainment,,,,,,,,,,,Movie
endomo.wikia.com,Dream of Mirror,Gaming,PC,,,,F2P,MMO
http://drawntogether.wikia.com/,drawntogether,Entertainment,,,,,,,,,,TV,,,,Comic,,,Sitcom,,,Comedy
http://dragonballfanon.wikia.com/,dragonballfanon,Entertainment
http://dragonball.wikia.com/,dragonball,Entertainment,,,,,,,,,,TV,,,Fantasy,,Anime,,,,,,,,,,Teen,Yadult
http://dannyphantom.wikia.com/,dp,Entertainment
doom.wikia.com,Doom,Gaming,PC,xbox360,,,FPS,Action,,mature,M,,,,,,,,,,,,,,,,Teen,Yadult
http://donkeykong.wikia.com/,donkeykong,Gaming,Wii,DS,GameCube,,Action,Adventure,Platform,everyone
http://dollhouse.wikia.com/,dollhouse,Entertainment,,,,,,,,,,TV,,SciFi,,,,Drama
http://dofus.wikia.com/,dofus,Gaming,PC,,,,F2P,MMO,,,M,,,,,,,,,,,,,,,,Teen,Yadult
http://tardis.wikia.com/,Doctor Who,Entertainment,,,,,,,,,M,TV,,SciFi,,,,,,,Action,,Adventure,Family,,,Teen,Yadult,Adult
dndta.wikia.com,dndta,Gaming,PC
http://dmfa.wikia.com/,dmfa,Entertainment
http://disneyparks.wikia.com/,disneyparks,Entertainment
http://disneychannel.wikia.com/,disneychannel,Entertainment,,,,,,,,,,TV,,,,,,,Sitcom,,,Comedy,,Family
http://disney.wikia.com/,disney,Entertainment,,,,,,,,,,TV,Movie,,,Comic,,,,,,Comedy,Adventure,Family
http://digimon.wikia.com/,digimon,Entertainment,,,,,,,,,,TV,,,Fantasy,,Anime,,,,,,,,,,Teen,Yadult
http://diehard.wikia.com/,diehard,Entertainment,,,,,,,,,,,Movie,,,,,,,,Action,,Adventure,,Crime
diablo.wikia.com,diablo,Gaming,PC,,,,RPG,,,mature
http://dgrayman.wikia.com/,dgrayman,Entertainment
http://dexter.wikia.com/,dexter,Entertainment,,,,,,,,,,TV,,,,,,Drama,,,,,,,Crime,Mystery
devilmaycry.wikia.com,Devil May Cry,Gaming,PC,xbox360,PS3,PS2,Action,Adventure,,mature,,,,,,,,,,,,,,,,,Teen,Yadult
http://desperate.wikia.com/,desperate,Entertainment,,,,,,,,,,TV,,,,,,Drama,,,,Comedy,,,,Mystery
http://degrassi.wikia.com/,degrassi,Entertainment,,,,,,,,,,TV,,,,,,Drama,,,,Comedy,,Family
http://deathnote.wikia.com/,deathnote,Entertainment,,,,,,,,,,TV,,,Fantasy,,Anime
http://dc.wikia.com/,DC Comics,Entertainment,,,,,,,,,,,Movie,,Fantasy,Comic,,,,,Action,,,Family,,,Teen,Adult
http://dcanimated.wikia.com/,DC Animated TV,Entertainment,,,,,,,,,M,TV,,,,Comic,,,,,Action,,,Family,,,Teen,Yadult
http://darth.wikia.com/,Darth Vader,Entertainment,,,,,,,,,M,,Movie,SciFi,,,,,,,,,,,,,Teen
http://darkhorse.wikia.com/,darkhorse,Entertainment,,,,,,,,,,TV,,SciFi,Fantasy,Comic,,,,Horror
http://darkcrystal.wikia.com/,darkcrystal,Entertainment,,,,,,,,,,,Movie,,Fantasy,Comic
http://darkshadows.wikia.com/,Dark Shadows,Entertainment,,,,,,,,,,TV,,,Fantasy,,,Drama,,Horror,,,,Family
cybernations.wikia.com,CyberNations,Gaming,PC,,,,RPG,MMO,Strategy,,M,,,,,,,,,,,,,,,,Teen,Yadult
http://csi.wikia.com/,csi,Entertainment,,,,,,,,,,TV,,,,,,,,,,,,,Crime,Mystery
http://coronationstreet.wikia.com/,coronationstreet,Entertainment,,,,,,,,,,TV,,,,,,Drama
http://conan.wikia.com/,conan,Entertainment,,,,,,,,,,,Movie,,Fantasy,,,,,,Action,,Adventure
cnc.wikia.com,Command & Conquer,Gaming,PC,xbox360,,,Stategy,RTS,,teen,M,,,,,,,,,,,,,,,,Teen,Yadult
http://comics.wikia.com/,comics,Entertainment,,,,,,,,,,,,,Fantasy,Comic,,,,,,,,Family
http://coldcase.wikia.com/,coldcase,Entertainment,,,,,,,,,,TV,,,,,,Drama,,,,,,,Crime
http://codegeass.wikia.com/,codegeass,Entertainment,,,,,,,,,,TV,,,Fantasy,,Anime,,,,Action
http://clubpenguin.wikia.com/,clubpenguin,Gaming,PC,,,,F2P,RPG,,everyone,,,,,,,,,,,,,,,,,Kids,Teen
http://cloverfield.wikia.com/,Cloverfield,Entertainment,,,,,,,,,,TV,,SciFi,,,,,,,Action
http://claymore.wikia.com/,claymore,Entertainment
cityofheroes.wikia.com,City of Heroes,Gaming,PC,,,,RPG,MMO,,teen,,,,,,,,,,,,,,,,,Adult
http://chuck.wikia.com/,Chuck,Entertainment,,,,,,,,,,TV,,,,,,Drama,,,Action,Comedy,Adventure
http://christmas-specials.wikia.com/,christmasspecials,Entertainment,,,,,,,,,,TV,,,,,,,,,,,,Family
http://chowder.wikia.com/,chowder,Entertainment,,,,,,,,,,TV,,,Fantasy,,Anime
http://charmed.wikia.com/,Charmed,Entertainment,,,,,,,,,,TV,,,Fantasy,,,Drama,,,Action
http://characters.wikia.com/,characters,Entertainment
http://chaotic.wikia.com/,chaotic,Gaming,PC,,,,F2P,MMO,,everyone
http://celebrity.wikia.com/,celebrity,Entertainment
http://ccs.wikia.com/,ccs,Entertainment,,,,,,,,,,TV,,,Fantasy,,Anime
castlevania.wikia.com,Castlevania,Gaming,Wii,DS,,,Action,Adventure,Platform,teen
http://casscain.wikia.com/,casscain,Entertainment,,,,,,,,,,TV,,,Fantasy,Comic
http://cartoons.wikia.com/,cartoons,Entertainment,,,,,,,,,,,,,,Comic,,,,,,,,Family
http://cartoonnetwork.wikia.com/,cartoonnetwork,Entertainment,,,,,,,,,,TV,,,,Comic,,,,,,Comedy,,Family
http://candh.wikia.com/,candh,Entertainment,,,,,,,,,,TV,,,,Comic,,,,,,Comedy,,Family
http://camplazlo.wikia.com/,camplazlowiki,Entertainment
http://callofduty.wikia.com/,Callofduty,Gaming,All,,,,FPS,,,teen,,,,,,,,,,,,,,,,,Teen,Yadult
callofduty.wikia.com,Call of Duty,Gaming,PC,PS3,xbox360,,Action,FPS,,mature,M
http://cabal.wikia.com/,cabal,Gaming,PC,,,,F2P,MMO,RPG
http://bzpcomics.wikia.com/,bzpcomics,Entertainment,,,,,,,,,,TV,,,Fantasy,Comic,,,,,,,Adventure
burnoutparadise.wikia.com,Burnout Paradise,Gaming,PC,xbox360,PS3,,Driving,AutoRacing,,e10
http://buffy.wikia.com/,Buffy the Vampire Slayer,Entertainment,,,,,,,,,,TV,,,Fantasy,,,Drama,,Horror,Action,Comedy,Adventure,,,,Teen,Yadult
http://buckethead.wikia.com/,buckethead,Entertainment
http://Browncoats.wikia.com/,Browncoats,Entertainment
http://broadway.wikia.com/,broadway,Entertainment
http://broadcasting.wikia.com/,broadcasting,Entertainment,,,,,,,,,,TV
http://boymeetsworld.wikia.com/,boymeetsworld,Entertainment,,,,,,,,,,TV,,,,,,,Sitcom,,,Comedy,,Family
http://bourne.wikia.com/,bourne,Entertainment,,,,,,,,,,,Movie,,,,,,,,Action,,Adventure,,Crime
http://bones.wikia.com/,bones,Entertainment
http://bobobo.wikia.com/,bobobo,Entertainment
http://bobandgeorge.wikia.com/,bobandgeorge,Entertainment
http://bleachfanfiction.wikia.com/,bleachfanfiction,Entertainment
bleach.wikia.com,Bleach,Gaming,Wii,DS,,,Fighting,Fighting,,teen,,,,,,,,,,,,,,,,,Teen,Yadult
http://blakes7.wikia.com/,blakes7,Entertainment
http://blairwitch.wikia.com/,blairwitch,Entertainment,,,,,,,,,,,Movie,SciFi,,,,Drama,,Horror,,,,,,Mystery
http://bladerunner.wikia.com/,bladerunner,Entertainment,,,,,,,,,,,Movie,,Fantasy,,,,,,Action,,Adventure
bioshock.wikia.com,Bioshock,Gaming,PC,xbox360,PS3,,Action,FPS,RPG,mature,M,,,,,,,,,,,,,,,,Teen,Yadult
http://bionicwoman.wikia.com/,bionicwoman,Entertainment,,,,,,,,,,TV,,,,,,,,,Action
bionicle.wikia.com,Bionicle,Toys,,,,,,,,,,,,,,,,,,,,,,,,,Kids,Teen
http://bionic.wikia.com/,Bionic,Entertainment,,,,,,,,,,TV,,SciFi,,,,Drama,,,Action,,Adventure,Family
http://bigbrotheruk.wikia.com/,bigbrotheruk,Entertainment
http://bigbangtheory.wikia.com/,bigbangtheory,Entertainment
http://beyblade.wikia.com/,beyblade,Entertainment,,,,,,,,,,TV,,,Fantasy,,Anime
http://Ben10.wikia.com/,Ben10,Entertainment,,,,,,,,,,TV,,,Fantasy,Comic,,,,,Action,,,Family
http://bellflower.wikia.com/,bellflower,Entertainment
http://bdaman.wikia.com/,bdaman,Entertainment
http://Baywatch.wikia.com/,Baywatch,Entertainment,,,,,,,,,,TV
http://Batman.wikia.com/,Batman,Entertainment,,,,,,,,,,,Movie,,,Comic,,,,,Action,,,Family
http://barnyard.wikia.com/,barnyard,Entertainment
http://banjokazooie.wikia.com/,banjokazooie,Gaming,N64,xbox360,GBA,Mobile,Action,Adventure,Platform,everyone
http://bttf.wikia.com/,Back to the Future,Entertainment,,,,,,,,,,,Movie,SciFi,,,,,,,,Comedy,Adventure,Family
http://babylon5.wikia.com/,Babylon 5,Entertainment,,,,,,,,,,TV,,SciFi,,,,Drama,,,Action,,Adventure
http://avatarfanon.wikia.com/,avatarfanfiction,Entertainment
http://avatar.wikia.com/,avatar,Entertainment,,,,,,,,,,TV,,,Fantasy,,Anime,,,,,,,,,,Teen
http://austinpowers.wikia.com/,austinpowers,Entertainment,,,,,,,,,,,Movie,,,,,,,,,Comedy,Adventure
http://athf.wikia.com/,athf,Entertainment
assassinscreed.wikia.com,Assassins Creed,Gaming,PC,PS3,xbox360,,Action,Adventure,,mature,,,,,,,,,,,,,,,,,Teen,Yadult
http://arresteddevelopment.wikia.com/,arresteddevelopment,Entertainment
http://archiesonic.wikia.com/,archiesonic,Entertainment,,,,,,,,,,TV,,,,Comic,,,,,,,,Family
http://aquaman.wikia.com/,aquaman,Entertainment
http://anarchyonline.wikia.com/,aokb,Gaming,PC,,,,F2P,,,teen
http://anime.wikia.com/,anime,Entertainment,,,,,,,,,,,,,Fantasy,,Anime
http://animation.wikia.com/,animation,Entertainment
http://animaniacs.wikia.com/,animaniacs,Entertainment,,,,,,,,,,TV,,,,Comic,,,,,,,,Family
http://animalcrossing.wikia.com/,animalcrossing,Gaming,Wii,DS,GameCube,,RPG,,,everyone
http://andromeda.wikia.com/,andromeda,Entertainment,,,,,,,,,,TV,,SciFi,,,,,,,Action,,,Family
http://americandad.wikia.com/,americandad,Entertainment,,,,,,,,,,TV,,,,Comic,,,Sitcom,,,Comedy,,Family
http://amazingrace.wikia.com/,amazingrace,Entertainment
http://alvin.wikia.com/,alvin,Entertainment,,,,,,,,,,TV,Movie,,,Comic,,,,,,,,Family
http://avp.wikia.com/,Aliens vs. Predator,Entertainment,,,,,,,,,,,Movie,SciFi,,,,,,Horror,Action,,Adventure
http://aliens.wikia.com/,Aliens,Entertainment,,,,,,,,,,,Movie,SciFi,,,,,,Horror,Action,,Adventure
http://alias.wikia.com/,alias,Entertainment,,,,,,,,,,TV,,,,,,,,,Action,,Adventure,,Crime
http://airgear.wikia.com/,airgear,Entertainment
http://aion.wikia.com/,aion,Gaming,PC,,,,RPG,MMO
aoc.wikia.com,Age of Conan,Gaming,PC,,,,RPG,RPG,,mature,,,,,,,,,,,,,,,,,Teen,Yadult
http://advclub.wikia.com/,advclub,Entertainment,,,,,,,,,,TV,,,,,,,,,,,Adventure,Family
http://adultswim.wikia.com/,adultswim,Entertainment,,,,,,,,,,TV
http://actionzone.wikia.com/,actionzone,Entertainment
aceattorney.wikia.com,Ace Attorney,Gaming,DS,,,,Simulation,,,teen
http://9dragons.wikia.com/,9dragons,Gaming,PC,,,,F2P,MMO,RPG
http://7thheaven.wikia.com/,7thheaven,Entertainment
http://3drealms.wikia.com/,3drealms,Gaming,PC,,,,F2P
http://30rock.wikia.com/,30rock,Entertainment,,,,,,,,,,TV,,,,,,,Sitcom,,,Comedy
http://2Moons.wikia.com/,2Moons,Gaming,PC,,,,F2P,MMO,RPG
dothack.wikia.com,.hack,Gaming,PS2,,,,RPG,,,teen,,,,,,,,,,,,,,,,,Teen
http://90210.wikia.com/,90210,Entertainment,,,,,,,,,,TV
http://24.wikia.com/,$24,Entertainment,,,,,,,,,,TV,,,,,,Drama,,,Action,,Adventure,,Crime
chdk.wikia.com,Canon ,Technology,,,,,,,,,M,,,,,,,,,,,,,,,,Adult
solarcooking.wikia.com,Solar Cooking,Green,,,,,,,,,,,,,,,,,,,,,,,,,Adult
